Date,Maximum Temperature degrees (F),Minimum Temperature degrees (F),Precipitation (inches),Snow (inches),Snow Depth (inches)
1/1/2020,36,13,0,0,5
1/2/2020,37,31,0,0,5
1/3/2020,36,24,T,T,4
1/4/2020,30,24,0,0,4
1/5/2020,38,24,0.01,T,4
1/6/2020,36,22,0,0,3
1/7/2020,32,5,0,0,3
1/8/2020,17,1,0,0,3
1/9/2020,36,17,0,0,3
1/10/2020,24,8,T,T,3
1/11/2020,16,-1,0,0,3
1/12/2020,20,9,0.11,0.8,3
1/13/2020,28,15,0.1,1,4
1/14/2020,32,17,0.01,0,5
1/15/2020,24,-2,0.01,T,5
1/16/2020,6,-9,0,0,5
1/17/2020,25,-1,0.35,4.7,5
1/18/2020,26,0,0.06,0.2,9
1/19/2020,12,0,0.01,0.5,8
1/20/2020,18,2,0.03,0.4,8
1/21/2020,20,-2,0,0,8
1/22/2020,37,19,0.17,0.6,8
1/23/2020,33,30,0.06,1,8
1/24/2020,32,29,T,T,8
1/25/2020,33,27,T,T,7
1/26/2020,30,25,0,0,7
1/27/2020,27,21,T,0,7
1/28/2020,22,18,T,T,7
1/29/2020,22,18,T,T,7
1/30/2020,27,18,T,T,7
1/31/2020,34,27,0.05,0.6,7
2/1/2020,38,27,0,0,7
2/2/2020,46,31,0,0,6
2/3/2020,32,20,0,0,5
2/4/2020,24,10,0,0,5
2/5/2020,30,11,0,0,5
2/6/2020,32,11,0,T,5
2/7/2020,30,13,0.03,0.5,5
2/8/2020,20,-3,0,0,5
2/9/2020,27,9,0.38,4.8,6
2/10/2020,30,7,0.01,0.2,10
2/11/2020,30,21,T,T,10
2/12/2020,35,0,T,T,10
2/13/2020,1,-11,0,0,9
2/14/2020,15,-12,0,0,9
2/15/2020,36,15,0,0,8
2/16/2020,24,14,0,0,8
2/17/2020,35,22,0.16,2,8
2/18/2020,26,5,0,0,9
2/19/2020,14,0,0,0,9
2/20/2020,14,-6,0,0,9
2/21/2020,37,12,0,0,8
2/22/2020,42,18,0,0,8
2/23/2020,44,27,0,0,7
2/24/2020,42,23,0,0,5
2/25/2020,38,28,0,0,4
2/26/2020,31,19,T,T,4
2/27/2020,25,15,0,0,4
2/28/2020,28,17,0,0,4
2/29/2020,39,16,0,0,4
3/1/2020,50,32,T,T,4
3/2/2020,36,30,0,0,3
3/3/2020,43,30,T,T,1
3/4/2020,42,24,T,0,T
3/5/2020,44,30,T,T,T
3/6/2020,39,23,0,0,T
3/7/2020,53,32,0,0,T
3/8/2020,61,44,0,0,T
3/9/2020,48,30,0,0,0
3/10/2020,42,23,0.04,0.3,0
3/11/2020,43,34,0,0,T
3/12/2020,43,31,0.09,T,0
3/13/2020,39,26,0,0,0
3/14/2020,35,23,0,0,0
3/15/2020,40,21,0,0,0
3/16/2020,39,27,0.01,T,0
3/17/2020,44,28,T,0,0
3/18/2020,45,37,T,0,0
3/19/2020,40,32,0.48,0,0
3/20/2020,34,20,T,T,0
3/21/2020,36,20,T,T,0
3/22/2020,43,30,0.04,0.2,T
3/23/2020,44,32,0.12,0.8,1
3/24/2020,50,37,0,0,0
3/25/2020,47,37,0.31,0,0
3/26/2020,51,29,0,0,0
3/27/2020,60,37,0.03,0,0
3/28/2020,48,38,1.07,0,0
3/29/2020,49,33,0.22,T,T
3/30/2020,60,30,0,0,0
3/31/2020,54,34,0,0,0
4/1/2020,55,34,0,0,0
4/2/2020,61,40,0.07,0,0
4/3/2020,40,25,0.08,T,0
4/4/2020,45,19,0,0,0
4/5/2020,56,29,0,0,0
4/6/2020,60,43,0,0,0
4/7/2020,70,49,0.03,0,0
4/8/2020,56,36,T,0,0
4/9/2020,42,30,0.03,T,0
4/10/2020,49,27,0,0,0
4/11/2020,61,34,0,0,0
4/12/2020,44,29,0.6,6.6,T
4/13/2020,37,23,0.01,0.2,5
4/14/2020,30,21,0.04,0.5,2
4/15/2020,35,19,0,0,T
4/16/2020,48,24,0,0,T
4/17/2020,49,29,0,0,0
4/18/2020,67,39,0,0,0
4/19/2020,50,36,0,0,0
4/20/2020,60,36,T,0,0
4/21/2020,50,29,T,0,0
4/22/2020,67,43,T,0,0
4/23/2020,59,37,T,0,0
4/24/2020,66,43,T,0,0
4/25/2020,71,42,0,0,0
4/26/2020,68,45,0.07,0,0
4/27/2020,74,52,0.04,0,0
4/28/2020,62,46,0.83,0,0
4/29/2020,62,42,0,0,0
4/30/2020,68,44,0,0,0
5/1/2020,78,53,T,0,0
5/2/2020,75,54,0,0,0
5/3/2020,67,46,0,0,0
5/4/2020,60,40,0,0,0
5/5/2020,59,47,0,0,0
5/6/2020,66,48,0,0,0
5/7/2020,60,44,0,0,0
5/8/2020,49,35,0,0,0
5/9/2020,60,34,0.15,0,0
5/10/2020,48,38,T,0,0
5/11/2020,55,39,0,0,0
5/12/2020,58,34,0,0,0
5/13/2020,63,48,0.04,0,0
5/14/2020,73,52,0.04,0,0
5/15/2020,71,45,0,0,0
5/16/2020,63,52,0.46,0,0
5/17/2020,53,49,2.47,0,0
5/18/2020,66,50,T,0,0
5/19/2020,71,54,0,0,0
5/20/2020,77,59,0,0,0
5/21/2020,66,57,0,0,0
5/22/2020,66,58,0,0,0
5/23/2020,71,60,0.24,0,0
5/24/2020,78,58,T,0,0
5/25/2020,78,65,0.16,0,0
5/26/2020,81,66,0.87,0,0
5/27/2020,78,63,0.42,0,0
5/28/2020,79,60,0,0,0
5/29/2020,66,54,0,0,0
5/30/2020,68,49,0,0,0
5/31/2020,77,47,0,0,0
6/1/2020,91,63,0,0,0
6/2/2020,90,65,0.26,0,0
6/3/2020,83,63,0,0,0
6/4/2020,86,62,0.04,0,0
6/5/2020,81,60,0.32,0,0
6/6/2020,77,60,0.88,0,0
6/7/2020,85,62,0,0,0
6/8/2020,96,74,0,0,0
6/9/2020,83,68,0.16,0,0
6/10/2020,72,59,0,0,0
6/11/2020,79,57,0,0,0
6/12/2020,76,58,0,0,0
6/13/2020,71,53,0,0,0
6/14/2020,78,55,0,0,0
6/15/2020,88,62,0,0,0
6/16/2020,91,67,0,0,0
6/17/2020,90,65,0,0,0
6/18/2020,86,68,1.37,0,0
6/19/2020,77,63,0.04,0,0
6/20/2020,75,63,0.01,0,0
6/21/2020,84,62,0.33,0,0
6/22/2020,76,61,0,0,0
6/23/2020,77,59,T,0,0
6/24/2020,80,58,0.03,0,0
6/25/2020,85,59,0,0,0
6/26/2020,87,69,T,0,0
6/27/2020,86,65,0,0,0
6/28/2020,86,67,0.89,0,0
6/29/2020,82,66,2.37,0,0
6/30/2020,88,70,0.02,0,0
7/1/2020,88,73,0,0,0
7/2/2020,89,74,0,0,0
7/3/2020,90,69,0,0,0
7/4/2020,90,71,0,0,0
7/5/2020,92,75,T,0,0
7/6/2020,86,73,0.35,0,0
7/7/2020,88,71,0.08,0,0
7/8/2020,93,73,T,0,0
7/9/2020,82,71,0.33,0,0
7/10/2020,85,66,0,0,0
7/11/2020,84,65,0.46,0,0
7/12/2020,85,64,0,0,0
7/13/2020,85,66,0,0,0
7/14/2020,79,62,0.24,0,0
7/15/2020,80,59,0,0,0
7/16/2020,84,63,0,0,0
7/17/2020,90,71,0,0,0
7/18/2020,91,68,0.51,0,0
7/19/2020,83,68,0,0,0
7/20/2020,83,65,0,0,0
7/21/2020,82,62,0.36,0,0
7/22/2020,69,57,0,0,0
7/23/2020,80,59,0,0,0
7/24/2020,92,69,0,0,0
7/25/2020,88,71,0.24,0,0
7/26/2020,86,68,0.45,0,0
7/27/2020,84,64,0,0,0
7/28/2020,85,67,0.17,0,0
7/29/2020,84,63,0,0,0
7/30/2020,82,63,0,0,0
7/31/2020,84,60,0,0,0
8/1/2020,82,65,0.15,0,0
8/2/2020,73,60,0,0,0
8/3/2020,74,57,0,0,0
8/4/2020,79,54,0,0,0
8/5/2020,78,60,0,0,0
8/6/2020,79,61,0,0,0
8/7/2020,83,66,T,0,0
8/8/2020,83,69,0.01,0,0
8/9/2020,87,68,0.54,0,0
8/10/2020,79,64,1.27,T,0
8/11/2020,84,60,0,0,0
8/12/2020,74,63,0.45,0,0
8/13/2020,88,68,0,0,0
8/14/2020,85,61,0.49,0,0
8/15/2020,78,57,0,0,0
8/16/2020,84,63,0.03,0,0
8/17/2020,78,63,T,0,0
8/18/2020,81,58,0,0,0
8/19/2020,83,62,T,0,0
8/20/2020,83,68,0,0,0
8/21/2020,87,68,0.08,0,0
8/22/2020,84,66,0.1,0,0
8/23/2020,91,70,0,0,0
8/24/2020,89,71,0.03,0,0
8/25/2020,90,72,0,0,0
8/26/2020,92,76,0.01,0,0
8/27/2020,88,72,0,0,0
8/28/2020,82,65,0.39,0,0
8/29/2020,77,59,0,0,0
8/30/2020,78,59,T,0,0
8/31/2020,74,59,0.43,0,0
9/1/2020,71,58,0,0,0
9/2/2020,82,57,0,0,0
9/3/2020,76,55,T,0,0
9/4/2020,74,52,0,0,0
9/5/2020,78,54,0,0,0
9/6/2020,83,61,0.18,0,0
9/7/2020,64,50,0.25,0,0
9/8/2020,52,45,0,0,0
9/9/2020,50,41,0.14,0,0
9/10/2020,60,38,0,0,0
9/11/2020,59,44,0.07,0,0
9/12/2020,64,55,0.03,0,0
9/13/2020,73,52,0,0,0
9/14/2020,79,56,0,0,0
9/15/2020,81,65,0,0,0
9/16/2020,71,52,0,0,0
9/17/2020,58,43,0,0,0
9/18/2020,62,42,0,0,0
9/19/2020,71,45,0,0,0
9/20/2020,74,52,T,0,0
9/21/2020,77,58,0.05,0,0
9/22/2020,83,60,0,0,0
9/23/2020,84,60,T,0,0
9/24/2020,76,60,0.05,0,0
9/25/2020,85,59,0,0,0
9/26/2020,70,57,0.01,0,0
9/27/2020,67,52,0.03,0,0
9/28/2020,58,49,0.02,0,0
9/29/2020,64,48,0,0,0
9/30/2020,64,47,0.05,0,0
10/1/2020,56,43,0.02,0,0
10/2/2020,51,38,0,0,0
10/3/2020,52,39,0,0,0
10/4/2020,56,32,0,0,0
10/5/2020,70,46,0,0,0
10/6/2020,80,48,T,0,0
10/7/2020,71,51,0,0,0
10/8/2020,68,44,0,0,0
10/9/2020,80,56,0,0,0
10/10/2020,66,50,0,0,0
10/11/2020,69,48,0.52,0,0
10/12/2020,64,50,0.72,0,0
10/13/2020,63,51,0,0,0
10/14/2020,62,42,0.03,0,0
10/15/2020,50,33,T,0,0
10/16/2020,45,33,0.03,0.2,0
10/17/2020,53,35,0.04,0,0
10/18/2020,36,29,0,0,0
10/19/2020,34,27,0.05,T,0
10/20/2020,33,29,0.79,7.9,0
10/21/2020,36,31,T,0,7
10/22/2020,35,32,0.09,T,5
10/23/2020,36,24,0.06,0.8,2
10/24/2020,32,24,0,0,T
10/25/2020,29,25,0.05,0.4,T
10/26/2020,32,20,0,0,T
10/27/2020,34,16,0,0,T
10/28/2020,50,30,0,0,T
10/29/2020,38,31,0,0,0
10/30/2020,45,30,0,0,0
10/31/2020,55,33,T,T,0
11/1/2020,39,26,T,T,0
11/2/2020,58,27,0,0,0
11/3/2020,75,33,0,0,0
11/4/2020,74,43,0,0,0
11/5/2020,66,42,0,0,0
11/6/2020,75,49,0,0,0
11/7/2020,74,60,0,0,0
11/8/2020,72,54,0,0,0
11/9/2020,66,32,0.32,0,0
11/10/2020,32,27,0.62,5.5,0
11/11/2020,37,21,T,T,6
11/12/2020,31,22,0.16,2.8,4
11/13/2020,35,13,0,0,6
11/14/2020,37,29,0.11,0,5
11/15/2020,36,24,0.01,T,3
11/16/2020,41,24,T,T,1
11/17/2020,34,19,0,0,T
11/18/2020,53,30,0,0,T
11/19/2020,54,39,0,0,0
11/20/2020,42,26,T,0,0
11/21/2020,39,22,0,0,0
11/22/2020,41,29,0.06,0.5,1
11/23/2020,36,23,0,0,0
11/24/2020,36,32,0.01,0,0
11/25/2020,36,34,0,0,0
11/26/2020,36,28,0,0,0
11/27/2020,37,27,0,0,0
11/28/2020,50,32,0,0,0
11/29/2020,40,22,0,0,0
11/30/2020,29,17,0,0,0
12/1/2020,37,16,0,0,0
12/2/2020,43,19,0,0,0
12/3/2020,41,26,0,0,0
12/4/2020,43,23,0,0,0
12/5/2020,40,19,0.01,0.2,0
12/6/2020,35,31,0,0,T
12/7/2020,34,30,0,0,0
12/8/2020,39,29,0,0,0
12/9/2020,52,27,0,0,0
12/10/2020,48,32,0,0,0
12/11/2020,38,28,0,0,0
12/12/2020,32,26,0,0,0
12/13/2020,27,19,0.03,0.4,0
12/14/2020,21,10,T,T,T
12/15/2020,25,11,0,0,T
12/16/2020,29,15,0,0,T
12/17/2020,30,19,0,0,T
12/18/2020,42,26,0.02,T,T
12/19/2020,34,20,0,0,0
12/20/2020,38,20,T,T,0
12/21/2020,39,22,0,0,0
12/22/2020,44,21,0,0,0
12/23/2020,46,7,0.48,8.7,0
12/24/2020,7,-3,T,0.1,8
12/25/2020,17,-5,0,0,8
12/26/2020,23,10,0,0,8
12/27/2020,24,14,0.02,0.6,7
12/28/2020,24,7,0,0,8
12/29/2020,22,3,0.19,2.4,8
12/30/2020,24,14,0.01,T,9
12/31/2020,23,9,0,0,9
1/1/2021,23,12,0,0,9
1/2/2021,26,10,0,0,9
1/3/2021,36,12,0,0,8
1/4/2021,38,19,0.01,T,8
1/5/2021,34,16,0,0,8
1/6/2021,33,24,0,0,8
1/7/2021,25,21,0,0,8
1/8/2021,23,15,0,0,8
1/9/2021,18,12,T,T,8
1/10/2021,29,18,0,0,7
1/11/2021,36,22,0,0,7
1/12/2021,38,19,0,0,7
1/13/2021,39,26,0,0,7
1/14/2021,35,30,0.27,2,7
1/15/2021,35,33,0.2,0.9,9
1/16/2021,33,23,T,T,7
1/17/2021,23,19,T,T,7
1/18/2021,23,19,T,T,6
1/19/2021,21,3,0.03,0.5,6
1/20/2021,37,2,0,0,6
1/21/2021,34,8,0,0,6
1/22/2021,15,1,0,0,6
1/23/2021,20,9,0.32,4.1,6
1/24/2021,29,15,0.03,0.3,10
1/25/2021,23,11,0,0,10
1/26/2021,21,10,T,T,9
1/27/2021,15,9,0,0,9
1/28/2021,21,9,0,0,9
1/29/2021,24,17,0,0,8
1/30/2021,33,24,T,T,8
1/31/2021,33,28,0.01,T,7
2/1/2021,29,22,T,T,7
2/2/2021,24,18,T,T,7
2/3/2021,34,16,T,0,7
2/4/2021,33,7,0.19,2.1,7
2/5/2021,11,2,0,0,8
2/6/2021,3,-12,0,0,8
2/7/2021,-3,-16,0.01,0.1,8
2/8/2021,1,-10,T,T,8
2/9/2021,8,-8,0.02,0.2,8
2/10/2021,8,-6,0,0,8
2/11/2021,1,-10,0.01,0.2,7
2/12/2021,-4,-13,0.01,0.2,7
2/13/2021,-3,-12,0,0,7
2/14/2021,-4,-19,0,0,7
2/15/2021,0,-17,0,0,7
2/16/2021,12,-15,0,0,7
2/17/2021,9,-3,0.05,0.6,7
2/18/2021,16,7,0.02,0.3,8
2/19/2021,19,2,0,0,8
2/20/2021,22,-2,0,0,8
2/21/2021,28,18,0.06,0.6,8
2/22/2021,41,25,0,0,8
2/23/2021,39,31,0,0,8
2/24/2021,38,28,0.01,0.1,7
2/25/2021,36,24,0,0,6
2/26/2021,41,25,0,0,6
2/27/2021,47,27,0,0,5
2/28/2021,38,20,0.14,1.5,4
3/1/2021,26,13,0.04,0.7,6
3/2/2021,47,17,0,0,5
3/3/2021,50,26,0,0,3
3/4/2021,46,29,0,0,1
3/5/2021,46,30,0,0,T
3/6/2021,48,25,0,0,T
3/7/2021,62,32,0,0,T
3/8/2021,58,32,0,0,T
3/9/2021,62,41,0,0,0
3/10/2021,50,36,0.69,T,0
3/11/2021,48,33,T,T,0
3/12/2021,45,26,0,0,0
3/13/2021,59,28,0,0,0
3/14/2021,48,34,0,0,0
3/15/2021,36,28,0.31,2.9,0
3/16/2021,35,29,0.01,T,3
3/17/2021,43,32,0.01,0.4,3
3/18/2021,53,31,0,0,T
3/19/2021,51,30,0,0,0
3/20/2021,57,32,0,0,0
3/21/2021,63,41,T,0,0
3/22/2021,59,35,T,0,0
3/23/2021,59,44,0.61,0,0
3/24/2021,45,39,0.94,0,0
3/25/2021,53,30,0,0,0
3/26/2021,48,28,0,0,0
3/27/2021,47,36,0.21,0,0
3/28/2021,45,32,0,0,0
3/29/2021,73,39,0,0,0
3/30/2021,55,29,0,0,0
3/31/2021,36,23,0,0,0
4/1/2021,44,20,0,0,0
4/2/2021,61,33,0,0,0
4/3/2021,71,39,0,0,0
4/4/2021,77,46,0,0,0
4/5/2021,85,47,0.2,0,0
4/6/2021,71,50,0.68,0,0
4/7/2021,74,51,0.21,0,0
4/8/2021,65,47,0.3,0,0
4/9/2021,53,44,0.12,0,0
4/10/2021,48,42,0,0,0
4/11/2021,55,42,0,0,0
4/12/2021,49,36,0.07,0,0
4/13/2021,37,31,0.04,0.3,0
4/14/2021,49,31,0.02,0.2,T
4/15/2021,52,38,T,0,0
4/16/2021,60,37,0,0,0
4/17/2021,61,36,0,0,0
4/18/2021,64,38,0.01,0,0
4/19/2021,40,31,T,T,0
4/20/2021,43,30,0,0,0
4/21/2021,43,29,T,T,0
4/22/2021,64,34,0,0,0
4/23/2021,52,44,0.09,0,0
4/24/2021,50,36,T,0,0
4/25/2021,46,33,T,T,0
4/26/2021,55,39,0.23,0,0
4/27/2021,54,41,0.53,0,0
4/28/2021,63,37,0,0,0
4/29/2021,67,43,0,0,0
4/30/2021,61,40,0,0,0
5/1/2021,87,54,0,0,0
5/2/2021,72,53,T,0,0
5/3/2021,68,49,0,0,0
5/4/2021,60,41,0,0,0
5/5/2021,55,39,0.07,0,0
5/6/2021,62,39,T,0,0
5/7/2021,58,39,0,0,0
5/8/2021,58,40,0,0,0
5/9/2021,63,40,0,0,0
5/10/2021,56,38,T,0,0
5/11/2021,63,36,0,0,0
5/12/2021,69,42,0,0,0
5/13/2021,71,48,0,0,0
5/14/2021,68,54,0.01,0,0
5/15/2021,75,51,0,0,0
5/16/2021,75,52,0,0,0
5/17/2021,79,53,0,0,0
5/18/2021,74,58,0.03,0,0
5/19/2021,77,62,0.75,0,0
5/20/2021,74,65,0.1,0,0
5/21/2021,81,63,0.59,0,0
5/22/2021,83,68,0,0,0
5/23/2021,80,66,T,0,0
5/24/2021,87,67,0.3,0,0
5/25/2021,86,63,0.43,0,0
5/26/2021,66,54,T,0,0
5/27/2021,56,41,0.98,0,0
5/28/2021,61,39,0.01,0,0
5/29/2021,65,42,0.01,0,0
5/30/2021,62,54,0,0,0
5/31/2021,78,52,0,0,0
6/1/2021,79,54,0,0,0
6/2/2021,84,60,T,0,0
6/3/2021,91,70,T,0,0
6/4/2021,97,73,0,0,0
6/5/2021,99,78,0,0,0
6/6/2021,93,76,0,0,0
6/7/2021,96,74,0,0,0
6/8/2021,96,77,0,0,0
6/9/2021,96,75,0.4,0,0
6/10/2021,97,75,0,0,0
6/11/2021,90,73,0,0,0
6/12/2021,87,66,0,0,0
6/13/2021,97,63,0,0,0
6/14/2021,88,61,0,0,0
6/15/2021,83,63,0,0,0
6/16/2021,89,63,0,0,0
6/17/2021,89,68,0,0,0
6/18/2021,91,63,0,0,0
6/19/2021,81,62,0,0,0
6/20/2021,74,61,0.7,0,0
6/21/2021,69,53,0,0,0
6/22/2021,76,51,0,0,0
6/23/2021,88,58,0,0,0
6/24/2021,90,71,0,0,0
6/25/2021,87,66,0,0,0
6/26/2021,76,68,0.14,0,0
6/27/2021,83,65,0.7,0,0
6/28/2021,84,64,0.12,0,0
6/29/2021,84,67,T,0,0
6/30/2021,88,66,0,0,0
7/1/2021,89,69,0,0,0
7/2/2021,86,61,0,0,0
7/3/2021,87,67,0,0,0
7/4/2021,94,74,0,0,0
7/5/2021,96,75,0,0,0
7/6/2021,82,59,0.43,0,0
7/7/2021,66,56,T,0,0
7/8/2021,73,54,0,0,0
7/9/2021,78,61,0,0,0
7/10/2021,81,64,0,0,0
7/11/2021,87,62,0,0,0
7/12/2021,83,62,0,0,0
7/13/2021,87,65,0,0,0
7/14/2021,75,64,0.22,0,0
7/15/2021,84,61,0,0,0
7/16/2021,86,63,0,0,0
7/17/2021,87,65,0,0,0
7/18/2021,88,66,0,0,0
7/19/2021,90,68,0,0,0
7/20/2021,90,69,0,0,0
7/21/2021,85,66,0,0,0
7/22/2021,85,70,0.06,0,0
7/23/2021,95,73,0,0,0
7/24/2021,93,73,0.02,0,0
7/25/2021,92,66,0,0,0
7/26/2021,90,70,0.06,0,0
7/27/2021,93,76,0,0,0
7/28/2021,93,71,0.08,0,0
7/29/2021,85,68,0,0,0
7/30/2021,80,65,0,0,0
7/31/2021,88,61,0,0,0
8/1/2021,81,62,0,0,0
8/2/2021,82,62,0,0,0
8/3/2021,86,63,0,0,0
8/4/2021,85,66,0,0,0
8/5/2021,83,69,0.39,0,0
8/6/2021,85,67,0,0,0
8/7/2021,73,67,0.87,0,0
8/8/2021,79,68,1.22,0,0
8/9/2021,86,67,0,0,0
8/10/2021,88,73,T,0,0
8/11/2021,84,68,T,0,0
8/12/2021,82,66,0.01,0,0
8/13/2021,80,59,0,0,0
8/14/2021,86,58,0,0,0
8/15/2021,85,65,0,0,0
8/16/2021,85,62,0,0,0
8/17/2021,88,64,0,0,0
8/18/2021,90,68,0,0,0
8/19/2021,90,70,0,0,0
8/20/2021,90,71,0.1,0,0
8/21/2021,75,59,0,0,0
8/22/2021,80,56,0.04,0,0
8/23/2021,91,65,0,0,0
8/24/2021,82,65,1.27,0,0
8/25/2021,84,67,0,0,0
8/26/2021,73,63,1.59,0,0
8/27/2021,76,68,0.58,0,0
8/28/2021,83,67,0.65,0,0
8/29/2021,81,66,0.16,0,0
8/30/2021,83,62,0,0,0
8/31/2021,79,63,0,0,0
9/1/2021,78,61,0,0,0
9/2/2021,69,61,0.14,0,0
9/3/2021,64,60,0.82,0,0
9/4/2021,78,61,0,0,0
9/5/2021,78,58,0,0,0
9/6/2021,81,56,0,0,0
9/7/2021,79,63,0,0,0
9/8/2021,75,59,T,0,0
9/9/2021,75,55,0,0,0
9/10/2021,82,57,0,0,0
9/11/2021,79,64,0,0,0
9/12/2021,72,56,0,0,0
9/13/2021,77,53,0.14,0,0
9/14/2021,72,58,0,0,0
9/15/2021,78,52,0,0,0
9/16/2021,88,66,0,0,0
9/17/2021,78,55,0.24,0,0
9/18/2021,78,50,0,0,0
9/19/2021,90,66,0,0,0
9/20/2021,76,56,0.1,0,0
9/21/2021,67,51,0,0,0
9/22/2021,71,46,0,0,0
9/23/2021,74,48,0,0,0
9/24/2021,61,49,0.04,0,0
9/25/2021,69,44,0,0,0
9/26/2021,82,50,0,0,0
9/27/2021,78,56,0,0,0
9/28/2021,82,56,0,0,0
9/29/2021,85,59,0,0,0
9/30/2021,82,63,0,0,0
10/1/2021,79,64,0.01,0,0
10/2/2021,73,64,0.26,0,0
10/3/2021,73,54,0,0,0
10/4/2021,73,51,0,0,0
10/5/2021,75,54,0,0,0
10/6/2021,75,56,0,0,0
10/7/2021,71,62,0,0,0
10/8/2021,73,63,T,0,0
10/9/2021,79,61,T,0,0
10/10/2021,71,53,T,0,0
10/11/2021,71,49,0,0,0
10/12/2021,65,57,0,0,0
10/13/2021,64,55,0.01,0,0
10/14/2021,56,46,0,0,0
10/15/2021,55,42,0.01,0,0
10/16/2021,64,38,0,0,0
10/17/2021,69,40,0,0,0
10/18/2021,79,46,0,0,0
10/19/2021,74,50,T,0,0
10/20/2021,60,48,0.68,0,0
10/21/2021,51,35,0.05,0,0
10/22/2021,50,33,0,0,0
10/23/2021,52,31,0,0,0
10/24/2021,49,38,0,0,0
10/25/2021,53,35,0,0,0
10/26/2021,57,39,0,0,0
10/27/2021,53,47,0.32,0,0
10/28/2021,49,46,0.54,0,0
10/29/2021,58,39,0,0,0
10/30/2021,59,35,0,0,0
10/31/2021,49,36,0,0,0
11/1/2021,44,32,0,0,0
11/2/2021,43,31,0,0,0
11/3/2021,46,32,0,0,0
11/4/2021,52,30,0,0,0
11/5/2021,60,38,0,0,0
11/6/2021,67,45,0,0,0
11/7/2021,62,44,0,0,0
11/8/2021,56,41,0,0,0
11/9/2021,56,31,0,0,0
11/10/2021,54,35,0.27,0,0
11/11/2021,44,35,0.41,T,0
11/12/2021,39,33,0.06,T,0
11/13/2021,34,30,0.08,1.2,0
11/14/2021,34,30,T,T,1
11/15/2021,36,28,0,0,T
11/16/2021,45,30,0,0,0
11/17/2021,42,31,T,T,0
11/18/2021,32,23,T,T,0
11/19/2021,42,20,0,0,0
11/20/2021,44,30,0,0,0
11/21/2021,38,19,0,0,0
11/22/2021,30,17,0,0,0
11/23/2021,54,25,0,0,0
11/24/2021,50,26,0,0,0
11/25/2021,26,14,T,T,0
11/26/2021,34,16,0,0,0
11/27/2021,41,27,0,0,0
11/28/2021,39,24,0,0,0
11/29/2021,52,32,0,0,0
11/30/2021,45,30,0.03,0,0
12/1/2021,51,35,0.13,T,0
12/2/2021,50,37,0.03,T,0
12/3/2021,43,31,0.02,0,0
12/4/2021,35,27,0.11,1,0
12/5/2021,38,28,0.01,0.1,1
12/6/2021,28,3,T,T,1
12/7/2021,16,5,0.1,1.4,1
12/8/2021,23,3,0,0,3
12/9/2021,40,23,0,0,3
12/10/2021,30,25,0.68,11,1
12/11/2021,30,22,0.04,0.8,12
12/12/2021,36,24,0,0,10
12/13/2021,41,24,0,0,9
12/14/2021,41,29,0,0,8
12/15/2021,58,39,0.27,0,4
12/16/2021,43,15,T,0.2,0
12/17/2021,20,11,0,0,T
12/18/2021,23,9,0.11,1.5,2
12/19/2021,31,7,T,T,2
12/20/2021,29,11,0,0,1
12/21/2021,21,7,0.05,0.6,1
12/22/2021,25,7,0,0,2
12/23/2021,39,22,0,0,2
12/24/2021,43,28,T,0,1
12/25/2021,29,18,T,T,0
12/26/2021,31,13,0.21,2.2,0
12/27/2021,34,6,0.05,T,2
12/28/2021,21,0,0.13,2.2,2
12/29/2021,10,-7,0,0,4
12/30/2021,27,6,0.01,0.1,4
12/31/2021,22,1,T,0.4,4
1/1/2022,1,-11,0,0,4
1/2/2022,5,-14,0,0,4
1/3/2022,26,2,0,0,4
1/4/2022,32,15,T,T,4
1/5/2022,22,3,0.11,2.1,4
1/6/2022,3,-10,0.01,T,5
1/7/2022,11,-17,0,0,5
1/8/2022,29,5,T,T,5
1/9/2022,6,-4,0,0,5
1/10/2022,4,-9,0,0,5
1/11/2022,38,3,0,0,4
1/12/2022,40,27,0,0,4
1/13/2022,34,26,0,0,3
1/14/2022,26,10,0.25,3.7,3
1/15/2022,15,2,0,0,6
1/16/2022,28,7,T,T,6
1/17/2022,30,18,0,0,6
1/18/2022,42,9,T,0,6
1/19/2022,9,-5,0,0,5
1/20/2022,3,-11,0,0,5
1/21/2022,23,-8,0.07,0.8,5
1/22/2022,24,7,0.11,2.3,6
1/23/2022,8,-7,0.05,1.3,8
1/24/2022,11,-5,0.02,0.3,9
1/25/2022,4,-13,0,0,9
1/26/2022,29,-16,0,0,8
1/27/2022,33,6,0.02,T,8
1/28/2022,12,-5,0,0,8
1/29/2022,27,5,0,0,7
1/30/2022,23,13,0,0,7
1/31/2022,31,11,0,0,7
2/1/2022,37,3,T,T,7
2/2/2022,7,-4,0,0,7
2/3/2022,7,-9,0,0,6
2/4/2022,9,-4,0.03,0.2,6
2/5/2022,22,-3,T,T,6
2/6/2022,23,2,0.03,0.5,6
2/7/2022,20,-2,0,0,6
2/8/2022,43,12,0,0,6
2/9/2022,36,20,T,T,5
2/10/2022,40,13,0.08,0.6,4
2/11/2022,38,3,0.02,0.1,4
2/12/2022,4,-7,0.02,0.4,4
2/13/2022,8,-5,0.03,1.1,4
2/14/2022,19,4,0.02,0.7,6
2/15/2022,32,10,0,0,6
2/16/2022,28,15,0,0,5
2/17/2022,14,-2,0,0,4
2/18/2022,36,2,0.02,0.1,4
2/19/2022,27,-1,0,0,4
2/20/2022,44,25,0,0,4
2/21/2022,25,15,T,T,2
2/22/2022,15,2,0.39,5.1,2
2/23/2022,11,-5,0,0,7
2/24/2022,11,-3,0.14,1.5,6
2/25/2022,18,2,T,T,8
2/26/2022,36,5,0,0,8
2/27/2022,35,13,0,0,7
2/28/2022,44,21,0,0,7
3/1/2022,42,30,0,0,4
3/2/2022,34,23,0.01,T,4
3/3/2022,26,16,0,0,3
3/4/2022,37,22,T,0,3
3/5/2022,35,31,0.8,0,2
3/6/2022,31,21,0.34,3.3,6
3/7/2022,29,16,0,0,6
3/8/2022,38,23,T,T,5
3/9/2022,25,11,T,T,3
3/10/2022,26,8,0,0,3
3/11/2022,23,2,0,0,3
3/12/2022,30,-1,0,0,3
3/13/2022,43,24,0,0,3
3/14/2022,39,27,0.06,0.8,1
3/15/2022,51,24,0,0,1
3/16/2022,55,37,0,0,1
3/17/2022,48,35,0,0,T
3/18/2022,46,31,0,0,T
3/19/2022,54,26,0,0,0
3/20/2022,60,30,0,0,0
3/21/2022,65,46,T,0,0
3/22/2022,47,35,0.88,0,0
3/23/2022,37,32,0.09,0.5,T
3/24/2022,45,33,0,0,0
3/25/2022,41,24,0.01,T,0
3/26/2022,33,19,0,0,0
3/27/2022,32,13,0,0,0
3/28/2022,38,19,0,0,0
3/29/2022,44,33,0.19,T,0
3/30/2022,34,32,0.57,0.5,T
3/31/2022,35,26,T,T,T
4/1/2022,45,24,0,0,T
4/2/2022,53,36,T,0,0
4/3/2022,42,29,0.34,1,0
4/4/2022,45,33,0.01,T,1
4/5/2022,45,34,0.34,T,0
4/6/2022,40,33,0.22,T,T
4/7/2022,38,30,0.15,0.4,T
4/8/2022,48,31,T,T,T
4/9/2022,55,28,0,0,0
4/10/2022,61,36,0,0,0
4/11/2022,60,38,0,0,0
4/12/2022,57,40,0.55,0,0
4/13/2022,47,32,0.15,0,0
4/14/2022,36,27,0.01,0.2,0
4/15/2022,35,22,T,T,T
4/16/2022,43,25,0,0,0
4/17/2022,45,26,0.08,T,0
4/18/2022,37,29,0.01,T,T
4/19/2022,47,25,0,0,0
4/20/2022,46,40,0.62,0,0
4/21/2022,56,37,0,0,0
4/22/2022,54,42,0.2,0,0
4/23/2022,74,52,0.28,0,0
4/24/2022,52,36,T,0,0
4/25/2022,39,30,T,T,0
4/26/2022,43,28,0,0,0
4/27/2022,51,31,0,0,0
4/28/2022,51,36,T,0,0
4/29/2022,60,45,0.12,0,0
4/30/2022,54,47,0.91,0,0
5/1/2022,48,41,0.1,0,0
5/2/2022,50,39,0,0,0
5/3/2022,58,43,0,0,0
5/4/2022,64,40,0,0,0
5/5/2022,65,47,0,0,0
5/6/2022,72,45,0,0,0
5/7/2022,74,50,0,0,0
5/8/2022,65,52,0.03,0,0
5/9/2022,87,58,0.01,0,0
5/10/2022,80,57,0,0,0
5/11/2022,79,63,1.94,T,0
5/12/2022,92,59,0.04,0,0
5/13/2022,75,61,0.01,0,0
5/14/2022,75,58,0,0,0
5/15/2022,75,54,T,0,0
5/16/2022,71,54,0,0,0
5/17/2022,72,51,0.08,0,0
5/18/2022,74,56,0.01,0,0
5/19/2022,72,53,T,0,0
5/20/2022,67,47,0.05,0,0
5/21/2022,56,44,0,0,0
5/22/2022,59,40,0,0,0
5/23/2022,66,40,0,0,0
5/24/2022,69,52,T,0,0
5/25/2022,55,47,0.57,0,0
5/26/2022,63,47,0,0,0
5/27/2022,76,45,0,0,0
5/28/2022,90,60,0.06,0,0
5/29/2022,82,66,0.01,0,0
5/30/2022,89,65,0.42,0,0
5/31/2022,73,57,0,0,0
6/1/2022,70,51,0,0,0
6/2/2022,79,53,0,0,0
6/3/2022,71,52,0,0,0
6/4/2022,71,57,0,0,0
6/5/2022,71,58,0.11,0,0
6/6/2022,78,58,0.14,0,0
6/7/2022,70,59,T,0,0
6/8/2022,80,56,0,0,0
6/9/2022,81,55,0,0,0
6/10/2022,81,62,0,0,0
6/11/2022,81,65,0.03,0,0
6/12/2022,79,63,0,0,0
6/13/2022,80,68,0.12,0,0
6/14/2022,96,72,0,0,0
6/15/2022,78,65,0.36,0,0
6/16/2022,81,66,0,0,0
6/17/2022,84,62,0,0,0
6/18/2022,84,64,0,0,0
6/19/2022,97,71,0,0,0
6/20/2022,101,79,0,0,0
6/21/2022,90,73,0.04,0,0
6/22/2022,86,67,0,0,0
6/23/2022,96,67,0,0,0
6/24/2022,91,68,0.01,0,0
6/25/2022,83,65,0.2,0,0
6/26/2022,76,60,0,0,0
6/27/2022,85,58,0,0,0
6/28/2022,87,65,0.02,0,0
6/29/2022,92,61,0,0,0
6/30/2022,93,70,0.1,0,0
7/1/2022,86,65,0,0,0
7/2/2022,77,67,0.03,0,0
7/3/2022,85,65,0,0,0
7/4/2022,88,70,0.29,0,0
7/5/2022,90,71,T,0,0
7/6/2022,82,67,0,0,0
7/7/2022,87,71,0.01,0,0
7/8/2022,84,71,0.06,0,0
7/9/2022,85,67,0,0,0
7/10/2022,84,70,0.04,0,0
7/11/2022,88,67,T,0,0
7/12/2022,88,63,0.38,0,0
7/13/2022,80,62,0,0,0
7/14/2022,87,62,0,0,0
7/15/2022,88,69,0.07,0,0
7/16/2022,86,71,0,0,0
7/17/2022,87,73,T,0,0
7/18/2022,95,74,0,0,0
7/19/2022,91,75,0,0,0
7/20/2022,89,72,0,0,0
7/21/2022,87,73,0,0,0
7/22/2022,93,73,T,0,0
7/23/2022,80,70,0.19,0,0
7/24/2022,82,64,0,0,0
7/25/2022,79,59,0,0,0
7/26/2022,79,65,0.1,0,0
7/27/2022,84,62,0,0,0
7/28/2022,79,59,0,0,0
7/29/2022,81,60,0,0,0
7/30/2022,88,62,0,0,0
7/31/2022,86,67,0.01,0,0
8/1/2022,85,65,0,0,0
8/2/2022,95,65,0.16,0,0
8/3/2022,90,68,T,0,0
8/4/2022,84,61,0,0,0
8/5/2022,91,68,0,0,0
8/6/2022,81,70,0.57,0,0
8/7/2022,77,60,0.77,0,0
8/8/2022,78,56,0,0,0
8/9/2022,83,61,0,0,0
8/10/2022,87,67,0,0,0
8/11/2022,82,66,0,0,0
8/12/2022,74,61,0.95,0,0
8/13/2022,74,63,0,0,0
8/14/2022,72,58,0,0,0
8/15/2022,76,60,0,0,0
8/16/2022,81,66,0,0,0
8/17/2022,83,64,0.18,0,0
8/18/2022,82,63,0.23,0,0
8/19/2022,77,62,0.26,0,0
8/20/2022,76,64,0,0,0
8/21/2022,83,61,0,0,0
8/22/2022,82,62,0,0,0
8/23/2022,83,61,0,0,0
8/24/2022,82,69,0,0,0
8/25/2022,79,65,0,0,0
8/26/2022,80,61,0,0,0
8/27/2022,80,66,0.88,0,0
8/28/2022,80,68,0.27,0,0
8/29/2022,80,66,0,0,0
8/30/2022,79,60,0,0,0
8/31/2022,89,63,0,0,0
9/1/2022,88,68,0,0,0
9/2/2022,88,68,0,0,0
9/3/2022,76,59,0,0,0
9/4/2022,75,52,0,0,0
9/5/2022,77,58,0,0,0
9/6/2022,83,61,0,0,0
9/7/2022,87,68,0,0,0
9/8/2022,86,70,0,0,0
9/9/2022,76,60,0.11,0,0
9/10/2022,73,56,0,0,0
9/11/2022,75,50,0,0,0
9/12/2022,78,51,0,0,0
9/13/2022,81,54,0,0,0
9/14/2022,78,57,0,0,0
9/15/2022,87,65,0,0,0
9/16/2022,77,65,0.04,0,0
9/17/2022,83,66,0,0,0
9/18/2022,73,60,0,0,0
9/19/2022,82,54,0,0,0
9/20/2022,92,65,0,0,0
9/21/2022,70,51,T,0,0
9/22/2022,65,47,0,0,0
9/23/2022,57,51,0.08,0,0
9/24/2022,68,54,T,0,0
9/25/2022,72,53,T,0,0
9/26/2022,64,46,0,0,0
9/27/2022,60,42,T,0,0
9/28/2022,62,37,0,0,0
9/29/2022,70,45,0,0,0
9/30/2022,71,51,0.01,0,0
10/1/2022,72,56,T,0,0
10/2/2022,75,55,0,0,0
10/3/2022,76,57,0,0,0
10/4/2022,78,57,T,0,0
10/5/2022,73,58,T,0,0
10/6/2022,61,44,T,0,0
10/7/2022,49,38,0.03,0,0
10/8/2022,64,34,0,0,0
10/9/2022,69,43,0,0,0
10/10/2022,71,44,0,0,0
10/11/2022,80,54,0,0,0
10/12/2022,63,44,0.07,0,0
10/13/2022,45,35,T,T,0
10/14/2022,42,32,0.06,0.4,T
10/15/2022,55,31,0,0,0
10/16/2022,47,34,T,T,0
10/17/2022,40,28,0,0,0
10/18/2022,43,23,0,0,0
10/19/2022,49,24,0,0,0
10/20/2022,61,34,0,0,0
10/21/2022,68,45,0,0,0
10/22/2022,77,40,0,0,0
10/23/2022,78,59,0,0,0
10/24/2022,70,44,0.08,0,0
10/25/2022,50,35,0,0,0
10/26/2022,52,34,0,0,0
10/27/2022,56,40,0,0,0
10/28/2022,62,43,0,0,0
10/29/2022,67,42,0,0,0
10/30/2022,66,42,0,0,0
10/31/2022,65,38,0,0,0
11/1/2022,71,41,0,0,0
11/2/2022,76,53,0,0,0
11/3/2022,65,47,0.17,0,0
11/4/2022,46,35,0.08,0,0
11/5/2022,42,32,0.01,0,0
11/6/2022,52,35,0.07,0,0
11/7/2022,37,27,0,0,0
11/8/2022,50,35,0.31,0,0
11/9/2022,67,47,0.56,0,0
11/10/2022,68,26,0.03,0,0
11/11/2022,31,25,T,T,0
11/12/2022,29,27,T,T,T
11/13/2022,29,23,T,T,T
11/14/2022,31,24,0.11,2.5,T
11/15/2022,33,30,0.16,0.9,2
11/16/2022,33,21,0.07,0.7,3
11/17/2022,28,21,0.02,0.4,3
11/18/2022,22,18,T,T,3
11/19/2022,23,11,T,0.1,2
11/20/2022,30,10,T,T,2
11/21/2022,33,20,0,0,2
11/22/2022,40,20,0,0,2
11/23/2022,47,24,0,0,1
11/24/2022,43,31,0,0,T
11/25/2022,50,28,0,0,0
11/26/2022,53,39,0,0,0
11/27/2022,42,27,0,0,0
11/28/2022,43,25,0,0,0
11/29/2022,34,20,0.81,8.4,0
11/30/2022,22,11,T,T,7
12/1/2022,32,7,0,0,6
12/2/2022,39,14,0.06,1,5
12/3/2022,14,4,T,T,5
12/4/2022,34,8,0,0,5
12/5/2022,30,16,T,0.1,4
12/6/2022,30,11,0,0,4
12/7/2022,23,10,0.04,0.5,4
12/8/2022,29,7,0,0,4
12/9/2022,33,26,T,T,4
12/10/2022,35,30,0.01,0.1,3
12/11/2022,35,30,0,0,3
12/12/2022,36,29,0,0,3
12/13/2022,36,34,0.26,T,3
12/14/2022,37,33,0.24,0.4,2
12/15/2022,34,30,0.52,4.9,1
12/16/2022,31,24,0.13,1.8,5
12/17/2022,24,10,0.03,1.1,5
12/18/2022,10,0,0,0,5
12/19/2022,14,0,0.05,1.4,5
12/20/2022,11,-8,T,T,6
12/21/2022,1,-8,0.42,7.4,6
12/22/2022,-4,-11,0.04,0.7,12
12/23/2022,-2,-12,0,0,11
12/24/2022,7,-5,0,0,10
12/25/2022,8,-4,T,T,10
12/26/2022,14,2,0,0,10
12/27/2022,26,2,0,0,9
12/28/2022,38,26,0,0,9
12/29/2022,37,19,0.02,0.4,8
12/30/2022,25,16,0,0,7
12/31/2022,36,20,0,0,6
1/1/2023,35,22,0,0,6
1/2/2023,27,22,0.02,0.1,6
1/3/2023,31,24,0.65,6,6
1/4/2023,33,30,0.61,8.8,14
1/5/2023,30,18,0.01,0.2,16
1/6/2023,19,5,T,T,16
1/7/2023,21,0,0,0,15
1/8/2023,25,0,0,0,15
1/9/2023,32,8,0,0,15
1/10/2023,28,19,T,T,14
1/11/2023,34,26,0.07,T,13
1/12/2023,32,19,T,T,13
1/13/2023,20,13,T,T,12
1/14/2023,31,13,0,0,12
1/15/2023,37,29,0,0,12
1/16/2023,37,32,0.53,0.7,11
1/17/2023,35,31,0.02,T,11
1/18/2023,33,28,0,0,9
1/19/2023,32,27,0.16,3.5,10
1/20/2023,27,18,0,0,11
1/21/2023,24,17,T,T,11
1/22/2023,21,15,0.01,0.1,10
1/23/2023,31,11,T,T,10
1/24/2023,29,14,T,T,10
1/25/2023,28,16,0.03,0.7,9
1/26/2023,16,2,T,T,10
1/27/2023,33,6,0.14,2.2,12
1/28/2023,7,2,0,0,11
1/29/2023,6,-5,0,0,11
1/30/2023,2,-8,0,0,11
1/31/2023,10,-8,0,0,10
2/1/2023,21,1,0,0,10
2/2/2023,15,-9,0,0,10
2/3/2023,4,-13,0,0,10
2/4/2023,28,2,0,0,10
2/5/2023,31,14,0,0,10
2/6/2023,36,14,0.09,0.1,9
2/7/2023,35,27,0,0,9
2/8/2023,45,21,0,0,9
2/9/2023,38,19,0,0,8
2/10/2023,29,8,0,0,8
2/11/2023,39,28,0,0,8
2/12/2023,43,20,0,0,7
2/13/2023,43,24,0,0,7
2/14/2023,43,35,0.68,0,6
2/15/2023,38,16,0.16,T,5
2/16/2023,20,12,0,0,4
2/17/2023,29,6,0,0,4
2/18/2023,36,22,0,0,4
2/19/2023,35,18,0,0,4
2/20/2023,35,10,0.12,1.7,4
2/21/2023,15,3,0.25,3.1,5
2/22/2023,21,14,0.25,3.8,8
2/23/2023,18,0,0.35,6.5,11
2/24/2023,11,-8,T,0.3,13
2/25/2023,26,3,T,T,12
2/26/2023,33,5,0,0,12
2/27/2023,34,28,0.48,0,11
2/28/2023,40,20,T,T,10
3/1/2023,38,24,0.05,0.4,7
3/2/2023,28,17,0,0,7
3/3/2023,42,22,0,0,7
3/4/2023,38,23,0,0,7
3/5/2023,38,19,0.29,2.8,7
3/6/2023,36,29,0.05,0.5,9
3/7/2023,39,27,0,0,8
3/8/2023,35,32,0.05,0.6,7
3/9/2023,34,29,0.15,2.1,8
3/10/2023,33,26,0.03,0.6,10
3/11/2023,31,28,0.18,2,9
3/12/2023,32,23,0.05,0.3,11
3/13/2023,31,17,T,T,11
3/14/2023,31,11,0,0,11
3/15/2023,45,27,0,0,10
3/16/2023,45,18,0.21,0.3,7
3/17/2023,18,7,T,0.2,5
3/18/2023,27,8,T,0.4,5
3/19/2023,40,7,0,0,5
3/20/2023,39,25,0,0,5
3/21/2023,41,25,0.16,0,4
3/22/2023,40,27,0.05,T,2
3/23/2023,38,23,0,0,2
3/24/2023,44,21,0,0,2
3/25/2023,45,31,0,0,1
3/26/2023,44,24,0,0,T
3/27/2023,41,24,0,0,T
3/28/2023,36,15,T,T,T
3/29/2023,29,11,0,0,T
3/30/2023,37,17,0.04,T,T
3/31/2023,38,31,1.41,5.3,T
4/1/2023,41,25,0.13,3.2,8
4/2/2023,51,25,0,0,6
4/3/2023,44,35,0,0,2
4/4/2023,38,34,0.06,T,T
4/5/2023,37,25,0.01,T,T
4/6/2023,38,22,0,0,T
4/7/2023,51,26,0,0,T
4/8/2023,67,37,0,0,T
4/9/2023,66,47,T,0,T
4/10/2023,72,46,0,0,0
4/11/2023,81,50,0,0,0
4/12/2023,88,63,0,0,0
4/13/2023,87,64,0,0,0
4/14/2023,83,56,T,0,0
4/15/2023,55,37,0.39,0,0
4/16/2023,37,32,0.36,0.6,T
4/17/2023,50,31,0,0,T
4/18/2023,56,31,0,0,0
4/19/2023,46,37,0.66,0,0
4/20/2023,43,37,0.51,0,0
4/21/2023,42,33,0.01,T,0
4/22/2023,37,31,T,T,T
4/23/2023,45,29,0,T,0
4/24/2023,49,32,0,0,0
4/25/2023,52,32,0,0,0
4/26/2023,57,33,T,0,0
4/27/2023,62,51,0.02,0,0
4/28/2023,52,40,0.24,0,0
4/29/2023,55,38,T,0,0
4/30/2023,50,37,T,0,0
5/1/2023,58,42,0,0,0
5/2/2023,62,41,0,0,0
5/3/2023,70,38,0,0,0
5/4/2023,77,53,0,0,0
5/5/2023,64,51,0.16,0,0
5/6/2023,62,56,0.5,0,0
5/7/2023,76,55,0,0,0
5/8/2023,77,52,0,0,0
5/9/2023,68,55,T,0,0
5/10/2023,79,58,T,0,0
5/11/2023,76,60,0.03,0,0
5/12/2023,74,64,T,0,0
5/13/2023,68,54,0.28,0,0
5/14/2023,66,50,0.48,0,0
5/15/2023,75,46,0,0,0
5/16/2023,81,54,0,0,0
5/17/2023,67,51,0,0,0
5/18/2023,66,53,0.14,0,0
5/19/2023,61,44,0,0,0
5/20/2023,73,44,0,0,0
5/21/2023,79,52,0,0,0
5/22/2023,82,58,0,0,0
5/23/2023,84,60,0,0,0
5/24/2023,76,56,0,0,0
5/25/2023,77,57,0,0,0
5/26/2023,81,54,0,0,0
5/27/2023,84,54,0,0,0
5/28/2023,84,58,0,0,0
5/29/2023,88,65,0,0,0
5/30/2023,90,63,0.03,0,0
5/31/2023,90,66,0,0,0
6/1/2023,91,72,T,0,0
6/2/2023,87,70,0.03,0,0
6/3/2023,90,68,0,0,0
6/4/2023,92,71,0,0,0
6/5/2023,87,69,0,0,0
6/6/2023,86,69,0,0,0
6/7/2023,81,67,0,0,0
6/8/2023,83,62,0,0,0
6/9/2023,86,61,0,0,0
6/10/2023,85,57,0.06,0,0
6/11/2023,71,50,0,0,0
6/12/2023,82,55,0,0,0
6/13/2023,88,59,0,0,0
6/14/2023,85,62,0,0,0
6/15/2023,74,56,0,0,0
6/16/2023,78,51,0,0,0
6/17/2023,85,62,0,0,0
6/18/2023,80,66,0.01,0,0
6/19/2023,91,65,0,0,0
6/20/2023,91,71,0,0,0
6/21/2023,92,69,0,0,0
6/22/2023,92,71,0,0,0
6/23/2023,92,72,0.02,0,0
6/24/2023,84,63,0.05,0,0
6/25/2023,76,64,0.69,0,0
6/26/2023,84,64,0.06,0,0
6/27/2023,86,64,0,0,0
6/28/2023,86,70,0.01,0,0
6/29/2023,91,65,0,0,0
6/30/2023,88,68,0,0,0
7/1/2023,89,67,0,0,0
7/2/2023,90,70,0,0,0
7/3/2023,95,71,T,0,0
7/4/2023,82,67,0.57,0,0
7/5/2023,77,62,0,0,0
7/6/2023,76,56,0,0,0
7/7/2023,74,59,0,0,0
7/8/2023,81,58,0,0,0
7/9/2023,86,59,0,0,0
7/10/2023,93,68,0,0,0
7/11/2023,77,58,T,0,0
7/12/2023,81,63,0,0,0
7/13/2023,87,63,0.16,0,0
7/14/2023,89,67,0.03,0,0
7/15/2023,82,63,0,0,0
7/16/2023,80,61,0,0,0
7/17/2023,74,57,0,0,0
7/18/2023,84,60,0,0,0
7/19/2023,90,65,0.11,0,0
7/20/2023,80,64,0,0,0
7/21/2023,85,62,0.02,0,0
7/22/2023,88,64,0,0,0
7/23/2023,88,63,0,0,0
7/24/2023,90,66,0.01,0,0
7/25/2023,94,70,T,0,0
7/26/2023,93,67,1.06,0,0
7/27/2023,96,73,T,0,0
7/28/2023,90,69,0.61,0,0
7/29/2023,81,64,0,0,0
7/30/2023,81,64,0,0,0
7/31/2023,84,63,0,0,0
8/1/2023,86,66,0,0,0
8/2/2023,90,71,T,0,0
8/3/2023,95,74,0.05,0,0
8/4/2023,90,68,0,0,0
8/5/2023,84,72,0.04,0,0
8/6/2023,75,67,0.26,0,0
8/7/2023,84,63,0,0,0
8/8/2023,84,63,0,0,0
8/9/2023,82,65,T,0,0
8/10/2023,80,66,0.16,0,0
8/11/2023,87,65,0.35,T,0
8/12/2023,83,64,0,0,0
8/13/2023,73,64,1.18,0,0
8/14/2023,72,59,0.25,0,0
8/15/2023,82,55,0,0,0
8/16/2023,87,66,T,0,0
8/17/2023,76,63,0,0,0
8/18/2023,79,58,0,0,0
8/19/2023,91,67,0,0,0
8/20/2023,82,67,0,0,0
8/21/2023,78,65,0,0,0
8/22/2023,98,71,0,0,0
8/23/2023,98,79,0,0,0
8/24/2023,88,70,0,0,0
8/25/2023,91,70,T,0,0
8/26/2023,75,62,0,0,0
8/27/2023,79,56,0,0,0
8/28/2023,88,64,0,0,0
8/29/2023,85,64,0,0,0
8/30/2023,80,61,0,0,0
8/31/2023,83,60,0,0,0
9/1/2023,90,61,T,0,0
9/2/2023,91,72,0,0,0
9/3/2023,97,75,0,0,0
9/4/2023,98,74,0,0,0
9/5/2023,92,72,0.01,0,0
9/6/2023,72,59,T,0,0
9/7/2023,64,56,0,0,0
9/8/2023,78,52,0,0,0
9/9/2023,78,60,0.05,0,0
9/10/2023,73,58,0,0,0
9/11/2023,75,53,0.22,0,0
9/12/2023,68,51,0,0,0
9/13/2023,66,47,0,0,0
9/14/2023,83,51,0,0,0
9/15/2023,71,59,0.36,0,0
9/16/2023,74,53,0,0,0
9/17/2023,73,52,0,0,0
9/18/2023,77,54,T,0,0
9/19/2023,82,61,0,0,0
9/20/2023,87,60,0,0,0
9/21/2023,85,63,0,0,0
9/22/2023,76,65,T,0,0
9/23/2023,75,64,1.28,0,0
9/24/2023,73,62,0.22,0,0
9/25/2023,65,60,1.9,0,0
9/26/2023,67,61,0.01,0,0
9/27/2023,74,61,0.01,0,0
9/28/2023,73,62,0,0,0
9/29/2023,75,60,1.51,0,0
9/30/2023,88,67,0.15,0,0
10/1/2023,92,69,0,0,0
10/2/2023,89,67,0,0,0
10/3/2023,87,66,0.13,0,0
10/4/2023,66,56,T,0,0
10/5/2023,65,52,0.02,0,0
10/6/2023,57,44,0.07,0,0
10/7/2023,54,43,0,0,0
10/8/2023,60,46,0,0,0
10/9/2023,56,38,0,0,0
10/10/2023,58,38,0,0,0
10/11/2023,62,38,0,0,0
10/12/2023,55,44,0.33,0,0
10/13/2023,50,46,1.61,0,0
10/14/2023,56,46,T,0,0
10/15/2023,57,42,T,0,0
10/16/2023,61,38,0,0,0
10/17/2023,64,41,0,0,0
10/18/2023,59,51,T,0,0
10/19/2023,61,47,0.05,0,0
10/20/2023,69,42,0,0,0
10/21/2023,60,45,0,0,0
10/22/2023,60,40,T,0,0
10/23/2023,64,49,0.01,0,0
10/24/2023,56,52,1.34,0,0
10/25/2023,56,51,0.02,0,0
10/26/2023,60,53,0.74,0,0
10/27/2023,53,32,T,0,0
10/28/2023,34,29,T,T,0
10/29/2023,39,27,0,0,0
10/30/2023,39,24,0.09,0.9,0
10/31/2023,37,26,0.09,1.8,2
11/1/2023,38,23,0,0,T
11/2/2023,43,27,0,0,T
11/3/2023,53,32,0,0,0
11/4/2023,51,28,0,0,0
11/5/2023,58,37,0,0,0
11/6/2023,58,40,0.01,0,0
11/7/2023,46,39,0.01,0,0
11/8/2023,51,40,0,0,0
11/9/2023,49,33,0,0,0
11/10/2023,40,36,0,0,0
11/11/2023,48,32,T,0,0
11/12/2023,59,37,0,0,0
11/13/2023,57,37,0,0,0
11/14/2023,66,43,0,0,0
11/15/2023,61,39,0,0,0
11/16/2023,69,36,0,0,0
11/17/2023,46,28,0,0,0
11/18/2023,57,32,0,0,0
11/19/2023,55,32,0,0,0
11/20/2023,46,40,0,0,0
11/21/2023,43,29,T,0,0
11/22/2023,47,26,0,0,0
11/23/2023,37,20,0,0,0
11/24/2023,29,13,0,0,0
11/25/2023,32,23,0.01,0.4,0
11/26/2023,34,21,0.01,0.1,T
11/27/2023,21,12,0,0,T
11/28/2023,32,8,0,0,0
11/29/2023,48,26,0,0,0
11/30/2023,42,24,0,0,0
12/1/2023,37,19,0,0,0
12/2/2023,40,21,0,0,0
12/3/2023,37,31,0,0,0
12/4/2023,37,26,0.03,0.6,0
12/5/2023,34,24,0.03,0.3,1
12/6/2023,47,22,0,0,T
12/7/2023,51,30,0,0,0
12/8/2023,49,38,0,0,0
12/9/2023,40,25,0.07,0.4,0
12/10/2023,25,23,0.01,T,T
12/11/2023,35,22,T,T,T
12/12/2023,30,21,0,0,T
12/13/2023,43,25,0,0,T
12/14/2023,52,32,0,0,T
12/15/2023,43,37,0.15,0,0
12/16/2023,41,35,0.34,0,0
12/17/2023,38,28,T,T,0
12/18/2023,28,16,T,T,0
12/19/2023,38,17,0,0,0
12/20/2023,42,28,0,0,0
12/21/2023,39,31,0,0,0
12/22/2023,43,36,0.01,0,0
12/23/2023,48,40,T,0,0
12/24/2023,55,45,0.35,0,0
12/25/2023,54,42,1.01,0,0
12/26/2023,50,34,0.23,T,0
12/27/2023,38,28,0,0,0
12/28/2023,36,25,0,0,0
12/29/2023,42,25,0,0,0
12/30/2023,31,26,0.03,0.3,0
12/31/2023,30,24,0.02,0.5,1
1/1/2024,27,21,0,0,1
1/2/2024,37,25,0,0,1
1/3/2024,33,24,T,T,T
1/4/2024,28,22,T,T,T
1/5/2024,35,27,0.01,0.1,0
1/6/2024,32,27,0.01,0.2,T
1/7/2024,30,23,T,T,T
1/8/2024,31,24,0.03,0.5,T
1/9/2024,31,26,T,T,1
1/10/2024,27,22,0.01,0.3,1
1/11/2024,27,8,T,T,T
1/12/2024,15,7,0.05,0.6,T
1/13/2024,12,-5,0.01,0.2,1
1/14/2024,2,-8,0,0,1
1/15/2024,4,-8,T,T,1
1/16/2024,9,-4,T,T,1
1/17/2024,13,2,0,0,1
1/18/2024,10,1,0,0,1
1/19/2024,7,-2,0.01,0.1,1
1/20/2024,11,-5,0,0,1
1/21/2024,23,2,0,0,1
1/22/2024,35,17,0,0,T
1/23/2024,33,29,T,0,T
1/24/2024,37,31,T,0,T
1/25/2024,38,34,0,0,T
1/26/2024,41,35,T,0,0
1/27/2024,37,31,T,0,0
1/28/2024,33,30,0,0,0
1/29/2024,50,27,0,0,0
1/30/2024,42,33,0,0,0
1/31/2024,55,30,0,0,0
2/1/2024,50,28,0,0,0
2/2/2024,41,28,0,0,0
2/3/2024,38,27,0,0,0
2/4/2024,50,24,0,0,0
2/5/2024,49,24,0,0,0
2/6/2024,57,29,0,0,0
2/7/2024,51,39,T,0,0
2/8/2024,53,36,0.23,0,0
2/9/2024,36,26,T,T,0
2/10/2024,33,26,0,0,0
2/11/2024,39,28,0,0,0
2/12/2024,43,28,0,0,0
2/13/2024,35,28,0,0,0
2/14/2024,42,28,0.41,6.9,0
2/15/2024,28,17,0.01,T,7
2/16/2024,18,9,0,0,7
2/17/2024,28,8,0,0,5
2/18/2024,37,22,0,0,5
2/19/2024,40,20,0,0,3
2/20/2024,44,30,0,0,2
2/21/2024,50,25,0,0,T
2/22/2024,52,29,0,0,T
2/23/2024,36,22,T,T,T
2/24/2024,46,17,0,0,0
2/25/2024,51,32,0,0,0
2/26/2024,65,30,0,0,0
2/27/2024,53,13,T,0.1,0
2/28/2024,20,4,0,0,T
2/29/2024,59,13,0,0,T
3/1/2024,59,36,0,0,0
3/2/2024,63,32,0,0,0
3/3/2024,74,40,T,0,0
3/4/2024,40,28,0,0,0
3/5/2024,49,23,0,0,0
3/6/2024,55,30,0,0,0
3/7/2024,47,31,0,0,0
3/8/2024,40,25,0,0,0
3/9/2024,41,21,0,0,0
3/10/2024,51,22,0,0,0
3/11/2024,68,35,0,0,0
3/12/2024,67,43,0,0,0
3/13/2024,64,41,0,0,0
3/14/2024,59,41,0,0,0
3/15/2024,52,33,0,0,0
3/16/2024,51,29,0,0,0
3/17/2024,30,23,T,T,0
3/18/2024,38,22,T,T,0
3/19/2024,52,28,0,0,0
3/20/2024,32,18,0,0,0
3/21/2024,31,24,0.13,1.6,0
3/22/2024,35,24,0.06,1.5,3
3/23/2024,34,18,T,T,T
3/24/2024,33,27,0.72,8.2,T
3/25/2024,37,33,0.78,T,5
3/26/2024,34,20,0.82,3.9,2
3/27/2024,28,18,T,T,5
3/28/2024,38,18,0,0,5
3/29/2024,46,26,0,0,3
3/30/2024,46,34,0,0,2
3/31/2024,48,34,0,0,0
4/1/2024,44,32,T,0,0
4/2/2024,43,33,0.08,T,0
4/3/2024,52,35,T,T,0
4/4/2024,53,34,0,0,0
4/5/2024,58,32,0,0,0
4/6/2024,59,37,0,0,0
4/7/2024,47,40,0.58,0,0
4/8/2024,49,41,0.2,0,0
4/9/2024,61,40,T,0,0
4/10/2024,71,45,0,0,0
4/11/2024,63,45,0.09,0,0
4/12/2024,61,43,0,0,0
4/13/2024,85,40,0,0,0
4/14/2024,71,49,0,0,0
4/15/2024,67,51,0,0,0
4/16/2024,59,46,1.33,0,0
4/17/2024,55,44,0.33,0,0
4/18/2024,52,38,0,0,0
4/19/2024,38,34,T,T,0
4/20/2024,49,31,T,T,0
4/21/2024,61,33,0,0,0
4/22/2024,70,41,T,0,0
4/23/2024,62,41,0.02,0,0
4/24/2024,59,35,0,0,0
4/25/2024,68,45,0,0,0
4/26/2024,54,46,0.06,0,0
4/27/2024,58,50,0.24,0,0
4/28/2024,51,46,0.73,0,0
4/29/2024,51,44,0.12,0,0
4/30/2024,70,43,0.41,0,0
5/1/2024,65,50,0,0,0
5/2/2024,57,49,0.62,0,0
5/3/2024,70,46,0,0,0
5/4/2024,62,47,0.32,0,0
5/5/2024,69,43,0,0,0
5/6/2024,74,51,0,0,0
5/7/2024,72,57,0.35,0,0
5/8/2024,75,49,0,0,0
5/9/2024,68,49,0,0,0
5/10/2024,75,45,0,0,0
5/11/2024,76,48,0,0,0
5/12/2024,88,62,0,0,0
5/13/2024,72,53,0,0,0
5/14/2024,72,49,0,0,0
5/15/2024,73,51,0.16,0,0
5/16/2024,71,57,T,0,0
5/17/2024,85,55,0.35,0,0
5/18/2024,82,60,0.11,0,0
5/19/2024,72,53,0,0,0
5/20/2024,79,58,0.22,0,0
5/21/2024,74,57,2.33,0,0
5/22/2024,72,53,0,0,0
5/23/2024,80,55,0,0,0
5/24/2024,73,50,0.21,0,0
5/25/2024,75,48,T,0,0
5/26/2024,69,53,0.03,0,0
5/27/2024,67,52,0.49,T,0
5/28/2024,68,52,0.12,0,0
5/29/2024,72,50,0,0,0
5/30/2024,79,55,0,0,0
5/31/2024,67,61,0.5,0,0
6/1/2024,77,61,0.02,0,0
6/2/2024,77,58,0.06,0,0
6/3/2024,84,63,0.94,0,0
6/4/2024,86,60,0.46,0,0
6/5/2024,79,57,T,0,0
6/6/2024,71,61,0,0,0
6/7/2024,78,58,0,0,0
6/8/2024,77,58,0.04,0,0
6/9/2024,72,57,0,0,0
6/10/2024,76,52,0,0,0
6/11/2024,84,58,0.04,0,0
6/12/2024,81,63,0.46,0,0
6/13/2024,84,64,0,0,0
6/14/2024,81,60,0,0,0
6/15/2024,70,63,0.94,0,0
6/16/2024,89,64,0.63,0,0
6/17/2024,74,57,0.69,0,0
6/18/2024,86,66,0.35,0,0
6/19/2024,74,61,T,0,0
6/20/2024,66,61,0.02,0,0
6/21/2024,71,64,0.62,0,0
6/22/2024,76,57,0.87,0,0
6/23/2024,85,55,0,0,0
6/24/2024,86,65,0,0,0
6/25/2024,85,71,0,0,0
6/26/2024,81,64,0,0,0
6/27/2024,76,60,0.03,0,0
6/28/2024,79,65,1.1,0,0
6/29/2024,72,60,0,0,0
6/30/2024,74,53,0,0,0
7/1/2024,76,59,0.01,0,0
7/2/2024,73,59,0.31,0,0
7/3/2024,86,64,0,0,0
7/4/2024,72,63,0.66,0,0
7/5/2024,79,62,T,0,0
7/6/2024,82,61,0.02,0,0
7/7/2024,82,64,T,0,0
7/8/2024,82,68,0.06,0,0
7/9/2024,85,67,0.68,0,0
7/10/2024,81,68,0.18,0,0
7/11/2024,86,66,0,0,0
7/12/2024,87,72,0,0,0
7/13/2024,81,69,0.43,0,0
7/14/2024,90,66,0.25,0,0
7/15/2024,86,71,0.12,0,0
7/16/2024,82,64,0,0,0
7/17/2024,75,62,0,0,0
7/18/2024,79,60,0,0,0
7/19/2024,81,64,0,0,0
7/20/2024,84,70,T,0,0
7/21/2024,79,66,0.74,0,0
7/22/2024,84,65,0.53,0,0
7/23/2024,75,66,0,0,0
7/24/2024,77,63,0,0,0
7/25/2024,81,62,0,0,0
7/26/2024,85,66,0,0,0
7/27/2024,91,71,0,0,0
7/28/2024,90,70,0.36,0,0
7/29/2024,88,70,T,0,0
7/30/2024,90,72,0,0,0
7/31/2024,90,67,1.26,0,0
8/1/2024,76,66,0.51,0,0
8/2/2024,91,66,0,0,0
8/3/2024,85,65,0.18,0,0
8/4/2024,84,70,0,0,0
8/5/2024,73,60,1.4,0,0
8/6/2024,78,56,0,0,0
8/7/2024,77,60,T,0,0
8/8/2024,72,59,T,0,0
8/9/2024,70,57,0,0,0
8/10/2024,74,53,0,0,0
8/11/2024,79,56,0,0,0
8/12/2024,81,57,0,0,0
8/13/2024,82,60,0,0,0
8/14/2024,82,64,T,0,0
8/15/2024,80,65,0.74,0,0
8/16/2024,79,66,0.2,0,0
8/17/2024,78,68,0.07,0,0
8/18/2024,83,64,0,0,0
8/19/2024,81,62,0,0,0
8/20/2024,76,63,0,0,0
8/21/2024,78,61,0,0,0
8/22/2024,73,60,0.14,0,0
8/23/2024,81,64,0.01,0,0
8/24/2024,85,65,0,0,0
8/25/2024,87,73,0,0,0
8/26/2024,92,70,0.74,0,0
8/27/2024,79,67,1.01,0,0
8/28/2024,76,64,T,0,0
8/29/2024,89,66,0.37,0,0
8/30/2024,79,61,0,0,0
8/31/2024,85,61,0,0,0
9/1/2024,74,59,0,0,0
9/2/2024,75,56,0,0,0
9/3/2024,78,58,0,0,0
9/4/2024,82,60,0,0,0
9/5/2024,77,60,0.01,0,0
9/6/2024,70,53,0,0,0
9/7/2024,70,48,0,0,0
9/8/2024,78,55,0,0,0
9/9/2024,82,59,0,0,0
9/10/2024,83,62,T,0,0
9/11/2024,85,65,0,0,0
9/12/2024,86,61,0,0,0
9/13/2024,83,64,0,0,0
9/14/2024,76,69,0.02,0,0
9/15/2024,88,68,0,0,0
9/16/2024,89,69,0,0,0
9/17/2024,88,71,0,0,0
9/18/2024,86,69,0,0,0
9/19/2024,86,69,0.03,0,0
9/20/2024,82,62,0,0,0
9/21/2024,84,60,T,0,0
9/22/2024,70,52,0,0,0
9/23/2024,71,50,0,0,0
9/24/2024,76,54,T,0,0
9/25/2024,80,55,0,0,0
9/26/2024,84,59,0,0,0
9/27/2024,85,58,0,0,0
9/28/2024,87,58,0,0,0
9/29/2024,84,58,0,0,0
9/30/2024,85,57,0,0,0
10/1/2024,66,48,0,0,0
10/2/2024,80,49,0,0,0
10/3/2024,65,50,0,0,0
10/4/2024,69,44,0,0,0
10/5/2024,79,50,0,0,0
10/6/2024,65,47,0,0,0
10/7/2024,70,44,0,0,0
10/8/2024,73,46,0,0,0
10/9/2024,72,49,0,0,0
10/10/2024,80,50,0,0,0
10/11/2024,74,51,0,0,0
10/12/2024,62,47,T,0,0
10/13/2024,55,44,T,0,0
10/14/2024,51,35,0,0,0
10/15/2024,55,35,0,0,0
10/16/2024,61,34,0,0,0
10/17/2024,71,45,0,0,0
10/18/2024,74,50,T,0,0
10/19/2024,69,59,0,0,0
10/20/2024,81,54,0,0,0
10/21/2024,85,64,0,0,0
10/22/2024,74,50,T,0,0
10/23/2024,56,45,T,0,0
10/24/2024,65,48,0.48,0,0
10/25/2024,58,41,0,0,0
10/26/2024,59,37,0,0,0
10/27/2024,66,42,0,0,0
10/28/2024,75,51,0,0,0
10/29/2024,80,59,0,0,0
10/30/2024,76,47,T,0,0
10/31/2024,47,33,1.26,0.2,0
11/1/2024,45,31,0,0,0
11/2/2024,56,39,0,0,0
11/3/2024,49,46,0.03,0,0
11/4/2024,60,49,0.18,0,0
11/5/2024,49,39,0.29,0,0
11/6/2024,50,33,0,0,0
11/7/2024,50,37,0,0,0
11/8/2024,58,38,0,0,0
11/9/2024,54,39,0.08,0,0
11/10/2024,51,47,0.09,0,0
11/11/2024,49,34,0,0,0
11/12/2024,47,31,0,0,0
11/13/2024,45,37,0.09,0,0
11/14/2024,47,42,0,0,0
11/15/2024,54,35,0,0,0
11/16/2024,54,41,0,0,0
11/17/2024,52,39,0,0,0
11/18/2024,52,35,0.86,0,0
11/19/2024,55,41,0.29,0,0
11/20/2024,41,27,0.03,0.8,0
11/21/2024,40,29,T,T,T
11/22/2024,37,32,T,0,0
11/23/2024,41,33,0,0,0
11/24/2024,42,36,0,0,0
11/25/2024,38,19,T,T,0
