Week,TeamA,TeamB,WeekNum,Away,Home,NeutralSite,Kickoff_UTC,Season
Week 1,New England Patriots,Seattle Seahawks,1,New England Patriots,Seattle Seahawks,False,2026-09-10T00:20Z,2026
Week 1,San Francisco 49ers,Los Angeles Rams,1,San Francisco 49ers,Los Angeles Rams,True,2026-09-11T00:35Z,2026
Week 1,Tampa Bay Buccaneers,Cincinnati Bengals,1,Tampa Bay Buccaneers,Cincinnati Bengals,False,2026-09-13T17:00Z,2026
Week 1,New Orleans Saints,Detroit Lions,1,New Orleans Saints,Detroit Lions,False,2026-09-13T17:00Z,2026
Week 1,New York Jets,Tennessee Titans,1,New York Jets,Tennessee Titans,False,2026-09-13T17:00Z,2026
Week 1,Baltimore Ravens,Indianapolis Colts,1,Baltimore Ravens,Indianapolis Colts,False,2026-09-13T17:00Z,2026
Week 1,Atlanta Falcons,Pittsburgh Steelers,1,Atlanta Falcons,Pittsburgh Steelers,False,2026-09-13T17:00Z,2026
Week 1,Chicago Bears,Carolina Panthers,1,Chicago Bears,Carolina Panthers,False,2026-09-13T17:00Z,2026
Week 1,Cleveland Browns,Jacksonville Jaguars,1,Cleveland Browns,Jacksonville Jaguars,False,2026-09-13T17:00Z,2026
Week 1,Buffalo Bills,Houston Texans,1,Buffalo Bills,Houston Texans,False,2026-09-13T17:00Z,2026
Week 1,Miami Dolphins,Las Vegas Raiders,1,Miami Dolphins,Las Vegas Raiders,False,2026-09-13T20:25Z,2026
Week 1,Green Bay Packers,Minnesota Vikings,1,Green Bay Packers,Minnesota Vikings,False,2026-09-13T20:25Z,2026
Week 1,Washington Commanders,Philadelphia Eagles,1,Washington Commanders,Philadelphia Eagles,False,2026-09-13T20:25Z,2026
Week 1,Arizona Cardinals,Los Angeles Chargers,1,Arizona Cardinals,Los Angeles Chargers,False,2026-09-13T20:25Z,2026
Week 1,Dallas Cowboys,New York Giants,1,Dallas Cowboys,New York Giants,False,2026-09-14T00:20Z,2026
Week 1,Denver Broncos,Kansas City Chiefs,1,Denver Broncos,Kansas City Chiefs,False,2026-09-15T00:15Z,2026
Week 2,Detroit Lions,Buffalo Bills,2,Detroit Lions,Buffalo Bills,False,2026-09-18T00:15Z,2026
Week 2,Carolina Panthers,Atlanta Falcons,2,Carolina Panthers,Atlanta Falcons,False,2026-09-20T17:00Z,2026
Week 2,Minnesota Vikings,Chicago Bears,2,Minnesota Vikings,Chicago Bears,False,2026-09-20T17:00Z,2026
Week 2,Philadelphia Eagles,Tennessee Titans,2,Philadelphia Eagles,Tennessee Titans,False,2026-09-20T17:00Z,2026
Week 2,Pittsburgh Steelers,New England Patriots,2,Pittsburgh Steelers,New England Patriots,False,2026-09-20T17:00Z,2026
Week 2,Green Bay Packers,New York Jets,2,Green Bay Packers,New York Jets,False,2026-09-20T17:00Z,2026
Week 2,Cleveland Browns,Tampa Bay Buccaneers,2,Cleveland Browns,Tampa Bay Buccaneers,False,2026-09-20T17:00Z,2026
Week 2,New Orleans Saints,Baltimore Ravens,2,New Orleans Saints,Baltimore Ravens,False,2026-09-20T17:00Z,2026
Week 2,Cincinnati Bengals,Houston Texans,2,Cincinnati Bengals,Houston Texans,False,2026-09-20T17:00Z,2026
Week 2,Jacksonville Jaguars,Denver Broncos,2,Jacksonville Jaguars,Denver Broncos,False,2026-09-20T20:05Z,2026
Week 2,Las Vegas Raiders,Los Angeles Chargers,2,Las Vegas Raiders,Los Angeles Chargers,False,2026-09-20T20:05Z,2026
Week 2,Washington Commanders,Dallas Cowboys,2,Washington Commanders,Dallas Cowboys,False,2026-09-20T20:25Z,2026
Week 2,Seattle Seahawks,Arizona Cardinals,2,Seattle Seahawks,Arizona Cardinals,False,2026-09-20T20:25Z,2026
Week 2,Miami Dolphins,San Francisco 49ers,2,Miami Dolphins,San Francisco 49ers,False,2026-09-20T20:25Z,2026
Week 2,Indianapolis Colts,Kansas City Chiefs,2,Indianapolis Colts,Kansas City Chiefs,False,2026-09-21T00:20Z,2026
Week 2,New York Giants,Los Angeles Rams,2,New York Giants,Los Angeles Rams,False,2026-09-22T00:15Z,2026
Week 3,Atlanta Falcons,Green Bay Packers,3,Atlanta Falcons,Green Bay Packers,False,2026-09-25T00:15Z,2026
Week 3,Los Angeles Chargers,Buffalo Bills,3,Los Angeles Chargers,Buffalo Bills,False,2026-09-27T17:00Z,2026
Week 3,Carolina Panthers,Cleveland Browns,3,Carolina Panthers,Cleveland Browns,False,2026-09-27T17:00Z,2026
Week 3,New York Jets,Detroit Lions,3,New York Jets,Detroit Lions,False,2026-09-27T17:00Z,2026
Week 3,Houston Texans,Indianapolis Colts,3,Houston Texans,Indianapolis Colts,False,2026-09-27T17:00Z,2026
Week 3,Kansas City Chiefs,Miami Dolphins,3,Kansas City Chiefs,Miami Dolphins,False,2026-09-27T17:00Z,2026
Week 3,Tennessee Titans,New York Giants,3,Tennessee Titans,New York Giants,False,2026-09-27T17:00Z,2026
Week 3,Cincinnati Bengals,Pittsburgh Steelers,3,Cincinnati Bengals,Pittsburgh Steelers,False,2026-09-27T17:00Z,2026
Week 3,Seattle Seahawks,Washington Commanders,3,Seattle Seahawks,Washington Commanders,False,2026-09-27T17:00Z,2026
Week 3,New England Patriots,Jacksonville Jaguars,3,New England Patriots,Jacksonville Jaguars,False,2026-09-27T17:00Z,2026
Week 3,Arizona Cardinals,San Francisco 49ers,3,Arizona Cardinals,San Francisco 49ers,False,2026-09-27T20:05Z,2026
Week 3,Minnesota Vikings,Tampa Bay Buccaneers,3,Minnesota Vikings,Tampa Bay Buccaneers,False,2026-09-27T20:05Z,2026
Week 3,Baltimore Ravens,Dallas Cowboys,3,Baltimore Ravens,Dallas Cowboys,True,2026-09-27T20:25Z,2026
Week 3,Las Vegas Raiders,New Orleans Saints,3,Las Vegas Raiders,New Orleans Saints,False,2026-09-27T20:25Z,2026
Week 3,Los Angeles Rams,Denver Broncos,3,Los Angeles Rams,Denver Broncos,False,2026-09-28T00:20Z,2026
Week 3,Philadelphia Eagles,Chicago Bears,3,Philadelphia Eagles,Chicago Bears,False,2026-09-29T00:15Z,2026
Week 4,Pittsburgh Steelers,Cleveland Browns,4,Pittsburgh Steelers,Cleveland Browns,False,2026-10-02T00:15Z,2026
Week 4,Indianapolis Colts,Washington Commanders,4,Indianapolis Colts,Washington Commanders,True,2026-10-04T13:30Z,2026
Week 4,New England Patriots,Buffalo Bills,4,New England Patriots,Buffalo Bills,False,2026-10-04T17:00Z,2026
Week 4,New York Jets,Chicago Bears,4,New York Jets,Chicago Bears,False,2026-10-04T17:00Z,2026
Week 4,Jacksonville Jaguars,Cincinnati Bengals,4,Jacksonville Jaguars,Cincinnati Bengals,False,2026-10-04T17:00Z,2026
Week 4,Arizona Cardinals,New York Giants,4,Arizona Cardinals,New York Giants,False,2026-10-04T17:00Z,2026
Week 4,Los Angeles Rams,Philadelphia Eagles,4,Los Angeles Rams,Philadelphia Eagles,False,2026-10-04T17:00Z,2026
Week 4,Green Bay Packers,Tampa Bay Buccaneers,4,Green Bay Packers,Tampa Bay Buccaneers,False,2026-10-04T17:00Z,2026
Week 4,Tennessee Titans,Baltimore Ravens,4,Tennessee Titans,Baltimore Ravens,False,2026-10-04T17:00Z,2026
Week 4,Dallas Cowboys,Houston Texans,4,Dallas Cowboys,Houston Texans,False,2026-10-04T17:00Z,2026
Week 4,Miami Dolphins,Minnesota Vikings,4,Miami Dolphins,Minnesota Vikings,False,2026-10-04T20:05Z,2026
Week 4,Kansas City Chiefs,Las Vegas Raiders,4,Kansas City Chiefs,Las Vegas Raiders,False,2026-10-04T20:25Z,2026
Week 4,Denver Broncos,San Francisco 49ers,4,Denver Broncos,San Francisco 49ers,False,2026-10-04T20:25Z,2026
Week 4,Los Angeles Chargers,Seattle Seahawks,4,Los Angeles Chargers,Seattle Seahawks,False,2026-10-04T20:25Z,2026
Week 4,Detroit Lions,Carolina Panthers,4,Detroit Lions,Carolina Panthers,False,2026-10-05T00:20Z,2026
Week 4,Atlanta Falcons,New Orleans Saints,4,Atlanta Falcons,New Orleans Saints,False,2026-10-06T00:15Z,2026
Week 5,Tampa Bay Buccaneers,Dallas Cowboys,5,Tampa Bay Buccaneers,Dallas Cowboys,False,2026-10-09T00:15Z,2026
Week 5,Philadelphia Eagles,Jacksonville Jaguars,5,Philadelphia Eagles,Jacksonville Jaguars,True,2026-10-11T13:30Z,2026
Week 5,Houston Texans,Tennessee Titans,5,Houston Texans,Tennessee Titans,False,2026-10-11T17:00Z,2026
Week 5,Cincinnati Bengals,Miami Dolphins,5,Cincinnati Bengals,Miami Dolphins,False,2026-10-11T17:00Z,2026
Week 5,Las Vegas Raiders,New England Patriots,5,Las Vegas Raiders,New England Patriots,False,2026-10-11T17:00Z,2026
Week 5,Minnesota Vikings,New Orleans Saints,5,Minnesota Vikings,New Orleans Saints,False,2026-10-11T17:00Z,2026
Week 5,Cleveland Browns,New York Jets,5,Cleveland Browns,New York Jets,False,2026-10-11T17:00Z,2026
Week 5,Indianapolis Colts,Pittsburgh Steelers,5,Indianapolis Colts,Pittsburgh Steelers,False,2026-10-11T17:00Z,2026
Week 5,New York Giants,Washington Commanders,5,New York Giants,Washington Commanders,False,2026-10-11T17:00Z,2026
Week 5,Denver Broncos,Los Angeles Chargers,5,Denver Broncos,Los Angeles Chargers,False,2026-10-11T20:05Z,2026
Week 5,Chicago Bears,Green Bay Packers,5,Chicago Bears,Green Bay Packers,False,2026-10-11T20:25Z,2026
Week 5,Detroit Lions,Arizona Cardinals,5,Detroit Lions,Arizona Cardinals,False,2026-10-11T20:25Z,2026
Week 5,San Francisco 49ers,Seattle Seahawks,5,San Francisco 49ers,Seattle Seahawks,False,2026-10-11T20:25Z,2026
Week 5,Baltimore Ravens,Atlanta Falcons,5,Baltimore Ravens,Atlanta Falcons,False,2026-10-12T00:20Z,2026
Week 5,Buffalo Bills,Los Angeles Rams,5,Buffalo Bills,Los Angeles Rams,False,2026-10-13T00:15Z,2026
Week 6,Seattle Seahawks,Denver Broncos,6,Seattle Seahawks,Denver Broncos,False,2026-10-16T00:15Z,2026
Week 6,Houston Texans,Jacksonville Jaguars,6,Houston Texans,Jacksonville Jaguars,True,2026-10-18T13:30Z,2026
Week 6,Chicago Bears,Atlanta Falcons,6,Chicago Bears,Atlanta Falcons,False,2026-10-18T17:00Z,2026
Week 6,Baltimore Ravens,Cleveland Browns,6,Baltimore Ravens,Cleveland Browns,False,2026-10-18T17:00Z,2026
Week 6,Tennessee Titans,Indianapolis Colts,6,Tennessee Titans,Indianapolis Colts,False,2026-10-18T17:00Z,2026
Week 6,New York Jets,New England Patriots,6,New York Jets,New England Patriots,False,2026-10-18T17:00Z,2026
Week 6,New Orleans Saints,New York Giants,6,New Orleans Saints,New York Giants,False,2026-10-18T17:00Z,2026
Week 6,Carolina Panthers,Philadelphia Eagles,6,Carolina Panthers,Philadelphia Eagles,False,2026-10-18T17:00Z,2026
Week 6,Pittsburgh Steelers,Tampa Bay Buccaneers,6,Pittsburgh Steelers,Tampa Bay Buccaneers,False,2026-10-18T17:00Z,2026
Week 6,Arizona Cardinals,Los Angeles Rams,6,Arizona Cardinals,Los Angeles Rams,False,2026-10-18T20:05Z,2026
Week 6,Los Angeles Chargers,Kansas City Chiefs,6,Los Angeles Chargers,Kansas City Chiefs,False,2026-10-18T20:25Z,2026
Week 6,Buffalo Bills,Las Vegas Raiders,6,Buffalo Bills,Las Vegas Raiders,False,2026-10-18T20:25Z,2026
Week 6,Dallas Cowboys,Green Bay Packers,6,Dallas Cowboys,Green Bay Packers,False,2026-10-19T00:20Z,2026
Week 6,Washington Commanders,San Francisco 49ers,6,Washington Commanders,San Francisco 49ers,False,2026-10-20T00:15Z,2026
Week 7,New England Patriots,Chicago Bears,7,New England Patriots,Chicago Bears,False,2026-10-23T00:15Z,2026
Week 7,Pittsburgh Steelers,New Orleans Saints,7,Pittsburgh Steelers,New Orleans Saints,True,2026-10-25T13:30Z,2026
Week 7,San Francisco 49ers,Atlanta Falcons,7,San Francisco 49ers,Atlanta Falcons,False,2026-10-25T17:00Z,2026
Week 7,Cleveland Browns,Tennessee Titans,7,Cleveland Browns,Tennessee Titans,False,2026-10-25T17:00Z,2026
Week 7,Indianapolis Colts,Minnesota Vikings,7,Indianapolis Colts,Minnesota Vikings,False,2026-10-25T17:00Z,2026
Week 7,Miami Dolphins,New York Jets,7,Miami Dolphins,New York Jets,False,2026-10-25T17:00Z,2026
Week 7,Tampa Bay Buccaneers,Carolina Panthers,7,Tampa Bay Buccaneers,Carolina Panthers,False,2026-10-25T17:00Z,2026
Week 7,Cincinnati Bengals,Baltimore Ravens,7,Cincinnati Bengals,Baltimore Ravens,False,2026-10-25T17:00Z,2026
Week 7,New York Giants,Houston Texans,7,New York Giants,Houston Texans,False,2026-10-25T17:00Z,2026
Week 7,Denver Broncos,Arizona Cardinals,7,Denver Broncos,Arizona Cardinals,False,2026-10-25T20:05Z,2026
Week 7,Green Bay Packers,Detroit Lions,7,Green Bay Packers,Detroit Lions,False,2026-10-25T20:25Z,2026
Week 7,Los Angeles Rams,Las Vegas Raiders,7,Los Angeles Rams,Las Vegas Raiders,False,2026-10-25T20:25Z,2026
Week 7,Kansas City Chiefs,Seattle Seahawks,7,Kansas City Chiefs,Seattle Seahawks,False,2026-10-26T00:20Z,2026
Week 7,Dallas Cowboys,Philadelphia Eagles,7,Dallas Cowboys,Philadelphia Eagles,False,2026-10-27T00:15Z,2026
Week 8,Carolina Panthers,Green Bay Packers,8,Carolina Panthers,Green Bay Packers,False,2026-10-30T00:15Z,2026
Week 8,Baltimore Ravens,Buffalo Bills,8,Baltimore Ravens,Buffalo Bills,False,2026-11-01T18:00Z,2026
Week 8,Tennessee Titans,Cincinnati Bengals,8,Tennessee Titans,Cincinnati Bengals,False,2026-11-01T18:00Z,2026
Week 8,Arizona Cardinals,Dallas Cowboys,8,Arizona Cardinals,Dallas Cowboys,False,2026-11-01T18:00Z,2026
Week 8,Minnesota Vikings,Detroit Lions,8,Minnesota Vikings,Detroit Lions,False,2026-11-01T18:00Z,2026
Week 8,Las Vegas Raiders,New York Jets,8,Las Vegas Raiders,New York Jets,False,2026-11-01T18:00Z,2026
Week 8,Cleveland Browns,Pittsburgh Steelers,8,Cleveland Browns,Pittsburgh Steelers,False,2026-11-01T18:00Z,2026
Week 8,Atlanta Falcons,Tampa Bay Buccaneers,8,Atlanta Falcons,Tampa Bay Buccaneers,False,2026-11-01T18:00Z,2026
Week 8,Indianapolis Colts,Jacksonville Jaguars,8,Indianapolis Colts,Jacksonville Jaguars,False,2026-11-01T18:00Z,2026
Week 8,Los Angeles Chargers,Los Angeles Rams,8,Los Angeles Chargers,Los Angeles Rams,False,2026-11-01T21:05Z,2026
Week 8,Kansas City Chiefs,Denver Broncos,8,Kansas City Chiefs,Denver Broncos,False,2026-11-01T21:25Z,2026
Week 8,New England Patriots,Miami Dolphins,8,New England Patriots,Miami Dolphins,False,2026-11-01T21:25Z,2026
Week 8,Philadelphia Eagles,Washington Commanders,8,Philadelphia Eagles,Washington Commanders,False,2026-11-02T01:20Z,2026
Week 8,Chicago Bears,Seattle Seahawks,8,Chicago Bears,Seattle Seahawks,False,2026-11-03T01:15Z,2026
Week 9,Jacksonville Jaguars,Baltimore Ravens,9,Jacksonville Jaguars,Baltimore Ravens,False,2026-11-06T01:15Z,2026
Week 9,Cincinnati Bengals,Atlanta Falcons,9,Cincinnati Bengals,Atlanta Falcons,True,2026-11-08T14:30Z,2026
Week 9,Dallas Cowboys,Indianapolis Colts,9,Dallas Cowboys,Indianapolis Colts,False,2026-11-08T18:00Z,2026
Week 9,New York Jets,Kansas City Chiefs,9,New York Jets,Kansas City Chiefs,False,2026-11-08T18:00Z,2026
Week 9,Detroit Lions,Miami Dolphins,9,Detroit Lions,Miami Dolphins,False,2026-11-08T18:00Z,2026
Week 9,Cleveland Browns,New Orleans Saints,9,Cleveland Browns,New Orleans Saints,False,2026-11-08T18:00Z,2026
Week 9,New York Giants,Philadelphia Eagles,9,New York Giants,Philadelphia Eagles,False,2026-11-08T18:00Z,2026
Week 9,Los Angeles Rams,Washington Commanders,9,Los Angeles Rams,Washington Commanders,False,2026-11-08T18:00Z,2026
Week 9,Denver Broncos,Carolina Panthers,9,Denver Broncos,Carolina Panthers,False,2026-11-08T18:00Z,2026
Week 9,Houston Texans,Los Angeles Chargers,9,Houston Texans,Los Angeles Chargers,False,2026-11-08T21:05Z,2026
Week 9,Las Vegas Raiders,San Francisco 49ers,9,Las Vegas Raiders,San Francisco 49ers,False,2026-11-08T21:05Z,2026
Week 9,Green Bay Packers,New England Patriots,9,Green Bay Packers,New England Patriots,False,2026-11-08T21:25Z,2026
Week 9,Arizona Cardinals,Seattle Seahawks,9,Arizona Cardinals,Seattle Seahawks,False,2026-11-08T21:25Z,2026
Week 9,Tampa Bay Buccaneers,Chicago Bears,9,Tampa Bay Buccaneers,Chicago Bears,False,2026-11-09T01:20Z,2026
Week 9,Buffalo Bills,Minnesota Vikings,9,Buffalo Bills,Minnesota Vikings,False,2026-11-10T01:15Z,2026
Week 10,Washington Commanders,New York Giants,10,Washington Commanders,New York Giants,False,2026-11-13T01:15Z,2026
Week 10,New England Patriots,Detroit Lions,10,New England Patriots,Detroit Lions,True,2026-11-15T14:30Z,2026
Week 10,Kansas City Chiefs,Atlanta Falcons,10,Kansas City Chiefs,Atlanta Falcons,False,2026-11-15T18:00Z,2026
Week 10,Houston Texans,Cleveland Browns,10,Houston Texans,Cleveland Browns,False,2026-11-15T18:00Z,2026
Week 10,Minnesota Vikings,Green Bay Packers,10,Minnesota Vikings,Green Bay Packers,False,2026-11-15T18:00Z,2026
Week 10,Jacksonville Jaguars,Tennessee Titans,10,Jacksonville Jaguars,Tennessee Titans,False,2026-11-15T18:00Z,2026
Week 10,Miami Dolphins,Indianapolis Colts,10,Miami Dolphins,Indianapolis Colts,False,2026-11-15T18:00Z,2026
Week 10,Carolina Panthers,New Orleans Saints,10,Carolina Panthers,New Orleans Saints,False,2026-11-15T18:00Z,2026
Week 10,Buffalo Bills,New York Jets,10,Buffalo Bills,New York Jets,False,2026-11-15T18:00Z,2026
Week 10,Seattle Seahawks,Las Vegas Raiders,10,Seattle Seahawks,Las Vegas Raiders,False,2026-11-15T21:05Z,2026
Week 10,Los Angeles Rams,Arizona Cardinals,10,Los Angeles Rams,Arizona Cardinals,False,2026-11-15T21:05Z,2026
Week 10,San Francisco 49ers,Dallas Cowboys,10,San Francisco 49ers,Dallas Cowboys,False,2026-11-15T21:25Z,2026
Week 10,Pittsburgh Steelers,Cincinnati Bengals,10,Pittsburgh Steelers,Cincinnati Bengals,False,2026-11-16T01:20Z,2026
Week 10,Los Angeles Chargers,Baltimore Ravens,10,Los Angeles Chargers,Baltimore Ravens,False,2026-11-17T01:15Z,2026
Week 11,Indianapolis Colts,Houston Texans,11,Indianapolis Colts,Houston Texans,False,2026-11-20T01:15Z,2026
Week 11,Miami Dolphins,Buffalo Bills,11,Miami Dolphins,Buffalo Bills,False,2026-11-22T18:00Z,2026
Week 11,New Orleans Saints,Chicago Bears,11,New Orleans Saints,Chicago Bears,False,2026-11-22T18:00Z,2026
Week 11,Tennessee Titans,Dallas Cowboys,11,Tennessee Titans,Dallas Cowboys,False,2026-11-22T18:00Z,2026
Week 11,Tampa Bay Buccaneers,Detroit Lions,11,Tampa Bay Buccaneers,Detroit Lions,False,2026-11-22T18:00Z,2026
Week 11,Arizona Cardinals,Kansas City Chiefs,11,Arizona Cardinals,Kansas City Chiefs,False,2026-11-22T18:00Z,2026
Week 11,Jacksonville Jaguars,New York Giants,11,Jacksonville Jaguars,New York Giants,False,2026-11-22T18:00Z,2026
Week 11,Baltimore Ravens,Carolina Panthers,11,Baltimore Ravens,Carolina Panthers,False,2026-11-22T18:00Z,2026
Week 11,New York Jets,Los Angeles Chargers,11,New York Jets,Los Angeles Chargers,False,2026-11-22T21:05Z,2026
Week 11,Las Vegas Raiders,Denver Broncos,11,Las Vegas Raiders,Denver Broncos,False,2026-11-22T21:25Z,2026
Week 11,Pittsburgh Steelers,Philadelphia Eagles,11,Pittsburgh Steelers,Philadelphia Eagles,False,2026-11-22T21:25Z,2026
Week 11,Minnesota Vikings,San Francisco 49ers,11,Minnesota Vikings,San Francisco 49ers,True,2026-11-23T01:20Z,2026
Week 11,Cincinnati Bengals,Washington Commanders,11,Cincinnati Bengals,Washington Commanders,False,2026-11-24T01:15Z,2026
Week 12,Green Bay Packers,Los Angeles Rams,12,Green Bay Packers,Los Angeles Rams,False,2026-11-26T01:00Z,2026
Week 12,Chicago Bears,Detroit Lions,12,Chicago Bears,Detroit Lions,False,2026-11-26T18:00Z,2026
Week 12,Philadelphia Eagles,Dallas Cowboys,12,Philadelphia Eagles,Dallas Cowboys,False,2026-11-26T21:30Z,2026
Week 12,Kansas City Chiefs,Buffalo Bills,12,Kansas City Chiefs,Buffalo Bills,False,2026-11-27T01:20Z,2026
Week 12,Denver Broncos,Pittsburgh Steelers,12,Denver Broncos,Pittsburgh Steelers,False,2026-11-27T20:00Z,2026
Week 12,New Orleans Saints,Cincinnati Bengals,12,New Orleans Saints,Cincinnati Bengals,False,2026-11-29T18:00Z,2026
Week 12,Las Vegas Raiders,Cleveland Browns,12,Las Vegas Raiders,Cleveland Browns,False,2026-11-29T18:00Z,2026
Week 12,New York Giants,Indianapolis Colts,12,New York Giants,Indianapolis Colts,False,2026-11-29T18:00Z,2026
Week 12,New York Jets,Miami Dolphins,12,New York Jets,Miami Dolphins,False,2026-11-29T18:00Z,2026
Week 12,Atlanta Falcons,Minnesota Vikings,12,Atlanta Falcons,Minnesota Vikings,False,2026-11-29T18:00Z,2026
Week 12,Baltimore Ravens,Houston Texans,12,Baltimore Ravens,Houston Texans,False,2026-11-29T18:00Z,2026
Week 12,Tennessee Titans,Jacksonville Jaguars,12,Tennessee Titans,Jacksonville Jaguars,False,2026-11-29T21:05Z,2026
Week 12,Washington Commanders,Arizona Cardinals,12,Washington Commanders,Arizona Cardinals,False,2026-11-29T21:25Z,2026
Week 12,Seattle Seahawks,San Francisco 49ers,12,Seattle Seahawks,San Francisco 49ers,False,2026-11-29T21:25Z,2026
Week 12,New England Patriots,Los Angeles Chargers,12,New England Patriots,Los Angeles Chargers,False,2026-11-30T01:20Z,2026
Week 12,Carolina Panthers,Tampa Bay Buccaneers,12,Carolina Panthers,Tampa Bay Buccaneers,False,2026-12-01T01:15Z,2026
Week 13,Kansas City Chiefs,Los Angeles Rams,13,Kansas City Chiefs,Los Angeles Rams,False,2026-12-04T01:15Z,2026
Week 13,Detroit Lions,Atlanta Falcons,13,Detroit Lions,Atlanta Falcons,False,2026-12-06T18:00Z,2026
Week 13,Jacksonville Jaguars,Chicago Bears,13,Jacksonville Jaguars,Chicago Bears,False,2026-12-06T18:00Z,2026
Week 13,Cincinnati Bengals,Cleveland Browns,13,Cincinnati Bengals,Cleveland Browns,False,2026-12-06T18:00Z,2026
Week 13,Washington Commanders,Tennessee Titans,13,Washington Commanders,Tennessee Titans,False,2026-12-06T18:00Z,2026
Week 13,Green Bay Packers,New Orleans Saints,13,Green Bay Packers,New Orleans Saints,False,2026-12-06T18:00Z,2026
Week 13,San Francisco 49ers,New York Giants,13,San Francisco 49ers,New York Giants,False,2026-12-06T18:00Z,2026
Week 13,Los Angeles Chargers,Tampa Bay Buccaneers,13,Los Angeles Chargers,Tampa Bay Buccaneers,False,2026-12-06T18:00Z,2026
Week 13,Miami Dolphins,Denver Broncos,13,Miami Dolphins,Denver Broncos,False,2026-12-06T21:05Z,2026
Week 13,Philadelphia Eagles,Arizona Cardinals,13,Philadelphia Eagles,Arizona Cardinals,False,2026-12-06T21:05Z,2026
Week 13,Carolina Panthers,Minnesota Vikings,13,Carolina Panthers,Minnesota Vikings,False,2026-12-06T21:25Z,2026
Week 13,Buffalo Bills,New England Patriots,13,Buffalo Bills,New England Patriots,False,2026-12-06T21:25Z,2026
Week 13,Houston Texans,Pittsburgh Steelers,13,Houston Texans,Pittsburgh Steelers,False,2026-12-07T01:20Z,2026
Week 13,Dallas Cowboys,Seattle Seahawks,13,Dallas Cowboys,Seattle Seahawks,False,2026-12-08T01:15Z,2026
Week 14,Minnesota Vikings,New England Patriots,14,Minnesota Vikings,New England Patriots,False,2026-12-11T01:15Z,2026
Week 14,Atlanta Falcons,Cleveland Browns,14,Atlanta Falcons,Cleveland Browns,False,2026-12-13T18:00Z,2026
Week 14,Tennessee Titans,Detroit Lions,14,Tennessee Titans,Detroit Lions,False,2026-12-13T18:00Z,2026
Week 14,Chicago Bears,Miami Dolphins,14,Chicago Bears,Miami Dolphins,False,2026-12-13T18:00Z,2026
Week 14,Denver Broncos,New York Jets,14,Denver Broncos,New York Jets,False,2026-12-13T18:00Z,2026
Week 14,Indianapolis Colts,Philadelphia Eagles,14,Indianapolis Colts,Philadelphia Eagles,False,2026-12-13T18:00Z,2026
Week 14,Houston Texans,Washington Commanders,14,Houston Texans,Washington Commanders,False,2026-12-13T18:00Z,2026
Week 14,New Orleans Saints,Carolina Panthers,14,New Orleans Saints,Carolina Panthers,False,2026-12-13T18:00Z,2026
Week 14,Tampa Bay Buccaneers,Baltimore Ravens,14,Tampa Bay Buccaneers,Baltimore Ravens,False,2026-12-13T18:00Z,2026
Week 14,Los Angeles Chargers,Las Vegas Raiders,14,Los Angeles Chargers,Las Vegas Raiders,False,2026-12-13T21:05Z,2026
Week 14,Kansas City Chiefs,Cincinnati Bengals,14,Kansas City Chiefs,Cincinnati Bengals,False,2026-12-13T21:25Z,2026
Week 14,Los Angeles Rams,San Francisco 49ers,14,Los Angeles Rams,San Francisco 49ers,False,2026-12-13T21:25Z,2026
Week 14,New York Giants,Seattle Seahawks,14,New York Giants,Seattle Seahawks,False,2026-12-13T21:25Z,2026
Week 14,Buffalo Bills,Green Bay Packers,14,Buffalo Bills,Green Bay Packers,False,2026-12-14T01:20Z,2026
Week 14,Pittsburgh Steelers,Jacksonville Jaguars,14,Pittsburgh Steelers,Jacksonville Jaguars,False,2026-12-15T01:15Z,2026
Week 15,San Francisco 49ers,Los Angeles Chargers,15,San Francisco 49ers,Los Angeles Chargers,False,2026-12-18T01:15Z,2026
Week 15,Seattle Seahawks,Philadelphia Eagles,15,Seattle Seahawks,Philadelphia Eagles,False,2026-12-19T22:00Z,2026
Week 15,Chicago Bears,Buffalo Bills,15,Chicago Bears,Buffalo Bills,False,2026-12-20T01:20Z,2026
Week 15,Miami Dolphins,Green Bay Packers,15,Miami Dolphins,Green Bay Packers,False,2026-12-20T18:00Z,2026
Week 15,Indianapolis Colts,Tennessee Titans,15,Indianapolis Colts,Tennessee Titans,False,2026-12-20T18:00Z,2026
Week 15,Cleveland Browns,New York Giants,15,Cleveland Browns,New York Giants,False,2026-12-20T18:00Z,2026
Week 15,Baltimore Ravens,Pittsburgh Steelers,15,Baltimore Ravens,Pittsburgh Steelers,False,2026-12-20T18:00Z,2026
Week 15,New Orleans Saints,Tampa Bay Buccaneers,15,New Orleans Saints,Tampa Bay Buccaneers,False,2026-12-20T18:00Z,2026
Week 15,Atlanta Falcons,Washington Commanders,15,Atlanta Falcons,Washington Commanders,False,2026-12-20T18:00Z,2026
Week 15,Cincinnati Bengals,Carolina Panthers,15,Cincinnati Bengals,Carolina Panthers,False,2026-12-20T18:00Z,2026
Week 15,Jacksonville Jaguars,Houston Texans,15,Jacksonville Jaguars,Houston Texans,False,2026-12-20T18:00Z,2026
Week 15,New York Jets,Arizona Cardinals,15,New York Jets,Arizona Cardinals,False,2026-12-20T21:05Z,2026
Week 15,Denver Broncos,Las Vegas Raiders,15,Denver Broncos,Las Vegas Raiders,False,2026-12-20T21:25Z,2026
Week 15,Dallas Cowboys,Los Angeles Rams,15,Dallas Cowboys,Los Angeles Rams,False,2026-12-20T21:25Z,2026
Week 15,Detroit Lions,Minnesota Vikings,15,Detroit Lions,Minnesota Vikings,False,2026-12-21T01:20Z,2026
Week 15,New England Patriots,Kansas City Chiefs,15,New England Patriots,Kansas City Chiefs,False,2026-12-22T01:15Z,2026
Week 16,Houston Texans,Philadelphia Eagles,16,Houston Texans,Philadelphia Eagles,False,2026-12-25T01:15Z,2026
Week 16,Green Bay Packers,Chicago Bears,16,Green Bay Packers,Chicago Bears,False,2026-12-25T18:00Z,2026
Week 16,Buffalo Bills,Denver Broncos,16,Buffalo Bills,Denver Broncos,False,2026-12-25T21:30Z,2026
Week 16,Los Angeles Rams,Seattle Seahawks,16,Los Angeles Rams,Seattle Seahawks,False,2026-12-26T01:15Z,2026
Week 16,Tampa Bay Buccaneers,Atlanta Falcons,16,Tampa Bay Buccaneers,Atlanta Falcons,False,2026-12-27T05:00Z,2026
Week 16,Cincinnati Bengals,Indianapolis Colts,16,Cincinnati Bengals,Indianapolis Colts,False,2026-12-27T05:00Z,2026
Week 16,Washington Commanders,Minnesota Vikings,16,Washington Commanders,Minnesota Vikings,False,2026-12-27T05:00Z,2026
Week 16,Carolina Panthers,Pittsburgh Steelers,16,Carolina Panthers,Pittsburgh Steelers,False,2026-12-27T05:00Z,2026
Week 16,Los Angeles Chargers,Miami Dolphins,16,Los Angeles Chargers,Miami Dolphins,False,2026-12-27T18:00Z,2026
Week 16,Arizona Cardinals,New Orleans Saints,16,Arizona Cardinals,New Orleans Saints,False,2026-12-27T18:00Z,2026
Week 16,New England Patriots,New York Jets,16,New England Patriots,New York Jets,False,2026-12-27T18:00Z,2026
Week 16,Cleveland Browns,Baltimore Ravens,16,Cleveland Browns,Baltimore Ravens,False,2026-12-27T18:00Z,2026
Week 16,Tennessee Titans,Las Vegas Raiders,16,Tennessee Titans,Las Vegas Raiders,False,2026-12-27T21:05Z,2026
Week 16,San Francisco 49ers,Kansas City Chiefs,16,San Francisco 49ers,Kansas City Chiefs,False,2026-12-27T21:25Z,2026
Week 16,Jacksonville Jaguars,Dallas Cowboys,16,Jacksonville Jaguars,Dallas Cowboys,False,2026-12-28T01:20Z,2026
Week 16,New York Giants,Detroit Lions,16,New York Giants,Detroit Lions,False,2026-12-29T01:15Z,2026
Week 17,Baltimore Ravens,Cincinnati Bengals,17,Baltimore Ravens,Cincinnati Bengals,False,2027-01-01T01:15Z,2026
Week 17,Denver Broncos,New England Patriots,17,Denver Broncos,New England Patriots,False,2027-01-03T05:00Z,2026
Week 17,Kansas City Chiefs,Los Angeles Chargers,17,Kansas City Chiefs,Los Angeles Chargers,False,2027-01-03T05:00Z,2026
Week 17,Los Angeles Rams,Tampa Bay Buccaneers,17,Los Angeles Rams,Tampa Bay Buccaneers,False,2027-01-03T05:00Z,2026
Week 17,Washington Commanders,Jacksonville Jaguars,17,Washington Commanders,Jacksonville Jaguars,False,2027-01-03T05:00Z,2026
Week 17,New Orleans Saints,Atlanta Falcons,17,New Orleans Saints,Atlanta Falcons,False,2027-01-03T18:00Z,2026
Week 17,Indianapolis Colts,Cleveland Browns,17,Indianapolis Colts,Cleveland Browns,False,2027-01-03T18:00Z,2026
Week 17,New York Giants,Dallas Cowboys,17,New York Giants,Dallas Cowboys,False,2027-01-03T18:00Z,2026
Week 17,Pittsburgh Steelers,Tennessee Titans,17,Pittsburgh Steelers,Tennessee Titans,False,2027-01-03T18:00Z,2026
Week 17,Buffalo Bills,Miami Dolphins,17,Buffalo Bills,Miami Dolphins,False,2027-01-03T18:00Z,2026
Week 17,Minnesota Vikings,New York Jets,17,Minnesota Vikings,New York Jets,False,2027-01-03T18:00Z,2026
Week 17,Seattle Seahawks,Carolina Panthers,17,Seattle Seahawks,Carolina Panthers,False,2027-01-03T18:00Z,2026
Week 17,Las Vegas Raiders,Arizona Cardinals,17,Las Vegas Raiders,Arizona Cardinals,False,2027-01-03T21:05Z,2026
Week 17,Detroit Lions,Chicago Bears,17,Detroit Lions,Chicago Bears,False,2027-01-03T21:25Z,2026
Week 17,Philadelphia Eagles,San Francisco 49ers,17,Philadelphia Eagles,San Francisco 49ers,False,2027-01-04T01:20Z,2026
Week 17,Houston Texans,Green Bay Packers,17,Houston Texans,Green Bay Packers,False,2027-01-05T01:15Z,2026
Week 18,New York Jets,Buffalo Bills,18,New York Jets,Buffalo Bills,False,2027-01-10T05:00Z,2026
Week 18,Cleveland Browns,Cincinnati Bengals,18,Cleveland Browns,Cincinnati Bengals,False,2027-01-10T05:00Z,2026
Week 18,Los Angeles Chargers,Denver Broncos,18,Los Angeles Chargers,Denver Broncos,False,2027-01-10T05:00Z,2026
Week 18,Detroit Lions,Green Bay Packers,18,Detroit Lions,Green Bay Packers,False,2027-01-10T05:00Z,2026
Week 18,Jacksonville Jaguars,Indianapolis Colts,18,Jacksonville Jaguars,Indianapolis Colts,False,2027-01-10T05:00Z,2026
Week 18,Las Vegas Raiders,Kansas City Chiefs,18,Las Vegas Raiders,Kansas City Chiefs,False,2027-01-10T05:00Z,2026
Week 18,Seattle Seahawks,Los Angeles Rams,18,Seattle Seahawks,Los Angeles Rams,False,2027-01-10T05:00Z,2026
Week 18,Chicago Bears,Minnesota Vikings,18,Chicago Bears,Minnesota Vikings,False,2027-01-10T05:00Z,2026
Week 18,Miami Dolphins,New England Patriots,18,Miami Dolphins,New England Patriots,False,2027-01-10T05:00Z,2026
Week 18,Tampa Bay Buccaneers,New Orleans Saints,18,Tampa Bay Buccaneers,New Orleans Saints,False,2027-01-10T05:00Z,2026
Week 18,Philadelphia Eagles,New York Giants,18,Philadelphia Eagles,New York Giants,False,2027-01-10T05:00Z,2026
Week 18,San Francisco 49ers,Arizona Cardinals,18,San Francisco 49ers,Arizona Cardinals,False,2027-01-10T05:00Z,2026
Week 18,Dallas Cowboys,Washington Commanders,18,Dallas Cowboys,Washington Commanders,False,2027-01-10T05:00Z,2026
Week 18,Atlanta Falcons,Carolina Panthers,18,Atlanta Falcons,Carolina Panthers,False,2027-01-10T05:00Z,2026
Week 18,Pittsburgh Steelers,Baltimore Ravens,18,Pittsburgh Steelers,Baltimore Ravens,False,2027-01-10T05:00Z,2026
Week 18,Tennessee Titans,Houston Texans,18,Tennessee Titans,Houston Texans,False,2027-01-10T05:00Z,2026
