lake_id,lattitude,longitude
01000100,46.196386,-93.063747
01001400,46.848253,-93.180035
01001500,46.828491,-93.150448
01001900,46.852243,-93.167723
01002300,46.703591,-93.200718
01002400,46.824431,-93.189809
01003300,46.696934,-93.249019
01003800,46.828437,-93.214509
01004500,46.930509,-93.257686
01004600,46.933009,-93.284999
01005600,46.864056,-93.220694
01005700,46.940339,-93.273439
01005800,46.978068,-93.244572
01005900,46.953588,-93.206072
01006100,46.690297,-93.336719
01006200,46.766814,-93.251346
01006900,46.577946,-93.420868
01007000,46.644242,-93.380644
01007200,46.637928,-93.394843
01007400,46.607848,-93.410323
01008500,46.367954,-93.533157
01008700,46.412256,-93.473414
01008900,46.497305,-93.474999
01009100,46.462984,-93.53207
01009200,46.436188,-93.459859
01009300,46.430998,-93.490794
01009600,46.511076,-93.473734
01009900,46.634848,-93.540955
01010200,46.638033,-93.488799
01010400,46.629549,-93.540386
01010500,46.631004,-93.487555
01010900,46.995992,-93.512447
01011100,46.977034,-93.458964
01011500,46.483765,-93.589988
01011700,46.484718,-93.648238
01012000,46.483641,-93.587794
01012300,46.459948,-93.641063
01012500,46.436994,-93.664475
01012900,46.509175,-93.60422
01013200,46.519435,-93.641978
01013600,46.72814,-93.626423
01013700,46.720219,-93.659102
01014200,46.994034,-93.589872
01014201,46.994034,-93.589872
01014202,46.994034,-93.589872
01014600,46.462412,-93.689924
01014700,46.729914,-93.698044
01014800,46.803498,-93.696201
01014900,46.40611,-93.730797
01015700,46.348748,-93.771213
01015900,46.438336,-93.756721
01016100,46.47822,-93.737929
01017000,46.471331,-93.716026
01017600,46.444065,-93.738736
01017800,46.432638,-93.7154
01017900,46.442827,-93.737878
01018100,46.502853,-93.748585
01018800,46.65279,-93.737619
01020400,46.330385,-93.816786
01020900,46.485744,-93.79798
01020901,46.485744,-93.79798
01020902,46.485744,-93.79798
01020903,46.485744,-93.79798
01021200,46.731416,-93.772883
02000300,45.116483,-93.040449
02000400,45.175078,-93.069204
02000500,45.175495,-93.069649
02000600,45.161138,-93.081588
02000800,45.161991,-93.114572
02001600,45.253727,-93.042223
02002200,45.366664,-93.091912
02002600,45.357117,-93.09693
02003400,45.377278,-93.087911
02004200,45.319368,-93.132151
02004500,45.136831,-93.153518
02005200,45.275174,-93.202602
02005300,45.252753,-93.224085
02007500,45.075672,-93.243196
02007501,45.075672,-93.243196
02007502,45.075672,-93.243196
02007700,45.090058,-93.275165
02008400,45.218745,-93.341745
02008900,45.237351,-93.350641
02009100,45.362893,-93.336325
02013000,45.333587,-93.444627
02013300,45.331203,-93.504558
02058500,45.171336,-93.156537
03000400,46.857609,-95.187942
03000500,46.855659,-95.208406
03000700,46.83804,-95.223676
03000900,46.830268,-95.185014
03001000,46.921936,-95.251692
03001700,47.030715,-95.207149
03002900,47.06065,-95.180425
03003000,47.091756,-95.275351
03004200,47.099047,-95.180897
03004400,47.079058,-95.187236
03008500,47.146537,-95.376261
03008800,47.116091,-95.377291
03009600,47.079242,-95.328467
03009700,47.076953,-95.366628
03010100,46.819414,-95.360943
03010200,46.947264,-95.485808
03010300,47.005736,-95.411959
03010700,46.845721,-95.49138
03010800,46.88352,-95.527632
03012700,46.907372,-95.419201
03013600,47.120184,-95.459297
03015300,46.935506,-95.518646
03015500,47.027609,-95.541092
03015800,47.069043,-95.556586
03015900,47.137985,-95.517507
03016600,46.784596,-95.63214
03017700,46.882452,-95.662906
03018900,46.963945,-94.855859
03019500,46.902174,-95.586113
03019700,46.946206,-95.618178
03020000,46.91106,-95.658301
03020100,46.91744,-95.576037
03020600,47.038516,-95.60776
03020900,47.034957,-95.633364
03021000,47.028406,-95.602217
03021300,47.023862,-95.588017
03021600,47.021657,-95.641551
03023400,47.093498,-95.576461
03024100,46.909398,-95.667469
03024101,46.909398,-95.667469
03024102,46.909398,-95.667469
03024300,47.019486,-95.680632
03025800,46.741205,-95.747962
03026400,46.725076,-95.708234
03026500,46.722864,-95.745171
03027300,46.844044,-95.709277
03028300,46.830789,-95.715546
03028600,46.890731,-95.683791
03028700,46.876255,-95.740637
03029300,46.918515,-95.764308
03030400,47.037611,-95.762499
03031300,46.994672,-95.772826
03032300,47.057511,-95.700547
03032800,47.141847,-95.746993
03033200,47.106989,-95.739378
03033400,47.100148,-95.771229
03033700,47.096921,-95.74681
03035000,46.965194,-95.765777
03035500,46.721937,-95.884167
03035700,46.78731,-95.89233
03035900,46.784221,-95.885925
03037100,46.755017,-95.876339
03038100,46.773642,-95.841643
03038300,46.824612,-95.892887
03038600,46.86959,-95.837064
03038700,46.85704,-95.856208
03038701,46.85704,-95.856208
03038702,46.85704,-95.856208
03043000,47.020693,-95.818758
03047500,46.75082,-95.879728
03048600,46.770367,-95.941693
03050000,46.750277,-95.989672
03050300,46.746112,-95.9691
03050600,46.804777,-95.989793
03052600,46.842314,-96.030542
03057500,46.794855,-96.034058
03057600,46.779083,-96.077818
03057900,46.877376,-96.054379
03058200,46.74052,-96.094104
03058800,46.763733,-96.128337
03060200,46.755908,-96.118756
03063800,46.825157,-96.149769
03064800,46.899561,-96.071616
03065700,46.784874,-96.170567
03065900,46.866187,-96.183238
04001100,47.543587,-94.458276
04001900,47.618188,-94.510902
04002200,47.605359,-94.508148
04002400,47.663148,-94.53255
04002800,47.94652,-94.445838
04003000,47.381076,-94.590158
04003200,47.547567,-94.512176
04003300,47.639205,-94.548533
04003400,47.64128,-94.5018
04003800,47.481037,-94.647655
04003900,47.467957,-94.612941
04004900,47.508653,-94.592874
04005300,47.582604,-94.575167
04006300,47.588518,-94.606013
04006900,47.729713,-94.587233
04007900,47.410014,-94.698457
04011100,47.589458,-94.750128
04012000,47.662416,-94.755981
04012200,47.733588,-94.721928
04012400,47.704475,-94.791482
04013000,47.464387,-94.864069
04013001,47.464387,-94.864069
04013002,47.464387,-94.864069
04013200,47.525402,-94.789316
04013201,47.525402,-94.789316
04013202,47.525402,-94.789316
04013400,47.627132,-94.782546
04013500,47.591157,-94.80521
04014000,47.46541,-94.879463
04015200,47.577886,-94.874215
04015900,47.613069,-94.882746
04016600,47.679896,-94.886878
04019600,47.619427,-94.93864
04019800,47.679162,-94.910876
04021700,47.496299,-95.007543
04022900,47.659403,-95.045145
04023000,47.654013,-95.015053
04026500,47.780937,-95.016889
04029800,47.616468,-95.107953
04030000,47.607313,-95.099847
04030700,47.713981,-95.087098
04032900,47.796612,-95.101448
04033100,47.78701,-95.086344
04034200,47.471842,-95.187831
04034300,47.744126,-95.207419
05000700,45.697139,-94.100333
05001300,45.74584,-94.165296
06000100,45.184134,-96.145573
06000200,45.345296,-96.134434
06002900,45.326703,-96.362226
06012100,45.49847,-96.473284
06013800,45.55428,-96.445299
06015200,45.414671,-96.676346
06017000,45.563699,-96.576063
07001900,43.989815,-93.826455
07002400,43.939845,-93.801544
07004300,44.110211,-93.786815
07004400,44.195103,-93.818471
07004500,44.194127,-93.848244
07004700,44.229755,-93.868547
07005300,44.21146,-93.816463
07005400,44.21055,-93.828597
07005800,43.991669,-93.895244
07006000,44.206587,-93.889774
07006001,44.206587,-93.889774
07006002,44.206587,-93.889774
07007700,44.236163,-93.907079
07007900,43.848149,-94.050053
07009000,43.921423,-94.143712
07009600,44.09488,-94.183435
07009700,44.078241,-94.145448
07009800,44.108149,-94.212002
08001100,44.253965,-94.518117
08002600,44.152083,-94.636999
08004500,44.308714,-94.727737
08005400,44.200963,-94.844765
08009600,44.250846,-94.882702
08012900,44.120555,-95.090305
09000300,46.446556,-92.456
09000800,46.631521,-92.456989
09001000,46.593071,-92.464764
09001600,46.533893,-92.547533
09002600,46.631087,-92.618183
09002900,46.614188,-92.644624
09003200,46.709699,-92.640535
09003400,46.500527,-92.680655
09003500,46.487564,-92.67217
09003600,46.680326,-92.677758
09003800,46.481868,-92.704529
09004100,46.45202,-92.756651
09004400,46.435003,-92.732574
09004900,46.635431,-92.789733
09005300,46.731397,-92.703809
09005700,46.648226,-92.903473
09006000,46.664793,-92.87002
09006001,46.664793,-92.87002
09006002,46.664793,-92.87002
09006700,46.656065,-93.007696
09006800,46.661488,-93.044252
09016700,46.668114,-92.307804
10000200,44.834358,-93.512338
10000600,44.866968,-93.523464
10000900,44.878815,-93.602089
10001100,44.875568,-93.620769
10001200,44.868918,-93.55669
10001300,44.854241,-93.543258
10001500,44.883495,-93.638439
10001900,44.83616,-93.647052
10004100,44.879999,-93.66292
10004200,44.878805,-93.735907
10004400,44.871225,-93.696193
10004401,44.871225,-93.696193
10004402,44.871225,-93.696193
10004500,44.865292,-93.656506
10004800,44.846313,-93.677113
10004801,44.846313,-93.677113
10004802,44.846313,-93.677113
10005200,44.840669,-93.748254
10005300,44.831998,-93.703101
10005800,44.718454,-93.768843
10005900,44.871425,-93.759209
10006300,44.689056,-93.885135
10007800,44.798341,-93.86942
10008600,44.830382,-93.878531
10008800,44.819083,-93.873438
10008900,44.8902,-93.847682
10009500,44.933773,-93.812572
10010800,44.787924,-93.962013
10012100,44.804655,-93.9389
11000900,46.959396,-93.88736
11000901,46.959396,-93.88736
11000902,46.959396,-93.88736
11002600,47.153518,-93.85461
11002900,47.184718,-93.874225
11003700,46.829935,-93.9166
11004300,46.808086,-93.952861
11004301,46.808086,-93.952861
11004302,46.808086,-93.952861
11004500,46.852661,-93.982395
11004600,46.849936,-93.987941
11005300,46.819714,-93.939107
11005900,46.851636,-93.976874
11006200,46.945278,-93.970193
11006900,46.90275,-93.953175
11007300,46.991956,-93.954946
11007700,47.067547,-93.957362
11008600,47.122681,-93.943776
11009200,47.081901,-93.981978
11009400,47.147592,-93.955804
11009600,47.213322,-93.961144
11010000,47.260611,-93.94572
11010100,46.86695,-94.019124
11010200,46.926643,-94.057744
11010400,46.976913,-94.018633
11010500,46.977537,-94.04647
11011600,46.917859,-94.074338
11011800,46.910427,-94.140851
11012000,46.958265,-94.126778
11012001,46.958265,-94.126778
11012002,46.958265,-94.126778
11012100,47.045371,-94.075927
11012900,46.987702,-94.053325
11014200,47.031412,-94.16908
11014201,47.031412,-94.16908
11014202,47.031412,-94.16908
11014203,47.031412,-94.16908
11014204,47.031412,-94.16908
11014300,47.092745,-94.160181
11014600,47.309353,-94.124562
11014700,47.436533,-94.055766
11016700,46.924764,-94.200309
11017100,46.897395,-94.251643
11017101,46.897395,-94.251643
11017102,46.897395,-94.251643
11017400,46.98901,-94.219102
11017700,47.043257,-94.262563
11019000,47.069415,-94.222898
11019900,46.868251,-94.290484
11020000,46.911162,-94.276659
11020100,46.966342,-94.279497
11020101,46.966342,-94.279497
11020102,46.966342,-94.279497
11020200,47.00915,-94.28486
11020300,47.134766,-94.621619
11020301,47.134766,-94.621619
11020302,47.134766,-94.621619
11020303,47.134766,-94.621619
11020304,47.134766,-94.621619
11020400,47.348025,-94.312315
11021400,46.374068,-94.370741
11022600,46.57251,-94.35892
11023000,46.795679,-94.3974
11023400,46.864225,-94.337834
11024200,46.846629,-94.322271
11025000,46.842817,-94.331929
11025700,46.89356,-94.323313
11025800,46.892367,-94.344999
11027300,46.912963,-94.335793
11027400,46.913703,-94.28901
11027500,46.911482,-94.337041
11028300,46.959422,-94.353585
11029200,47.020662,-94.377469
11029600,46.993892,-94.357019
11030400,46.374608,-94.372256
11030401,46.374608,-94.372256
11030402,46.374608,-94.372256
11030500,46.509981,-94.344167
11030700,46.730421,-94.408783
11030800,46.849288,-94.417813
11030801,46.849288,-94.417813
11030802,46.849288,-94.417813
11031100,46.943476,-94.404032
11032000,46.364776,-94.48444
11032400,46.431815,-94.477632
11032600,46.437795,-94.423618
11033000,46.406116,-94.42999
11035000,46.805038,-94.492193
11035100,46.879262,-94.456742
11035300,46.869802,-94.519709
11035500,46.862433,-94.460964
11035800,46.844214,-94.470049
11036100,46.83789,-94.45301
11036700,46.821391,-94.471854
11037100,46.958406,-94.492249
11038300,46.92663,-94.489185
11038700,46.972949,-94.427462
11039600,46.998328,-94.456008
11040000,47.061593,-94.448819
11041100,46.820899,-94.520779
11041200,46.931037,-94.523071
11041300,46.952123,-94.616538
11041500,47.329995,-94.58799
11043700,46.653549,-94.626087
11043900,46.647458,-94.63051
11044500,46.739404,-94.640873
11044600,46.737313,-94.64353
11045400,46.841602,-94.570013
11047500,47.017727,-94.590789
11048000,47.069594,-94.606269
11048400,47.323007,-94.554695
11048800,47.289016,-94.559909
11049300,47.256188,-94.554942
11050000,46.672398,-94.666105
11050200,46.940061,-94.651759
11050400,47.271767,-94.62908
11050500,47.400545,-94.678806
11062400,46.402056,-94.455927
11099600,47.4055,-94.321121
13001300,45.356603,-92.840381
13001900,45.328584,-92.819466
13002700,45.374725,-92.836486
13002800,45.377951,-92.869422
13003200,45.390076,-92.824707
13003201,45.390076,-92.824707
13003202,45.390076,-92.824707
13003300,45.416947,-92.78801
13003700,45.480223,-92.875417
13004100,45.361784,-92.891226
13004101,45.361784,-92.891226
13004102,45.361784,-92.891226
13005300,45.327122,-92.954539
13005900,45.375578,-92.968676
13005901,45.375578,-92.968676
13005902,45.375578,-92.968676
13005903,45.375578,-92.968676
13006800,45.576602,-93.022395
13006900,45.694772,-93.088931
13006901,45.694772,-93.088931
13006902,45.694772,-93.088931
13007300,45.587658,-93.06336
13007900,45.59736,-93.078995
13008000,45.591591,-93.066073
13008300,45.640407,-93.073128
13008301,45.640407,-93.073128
13008302,45.640407,-93.073128
14000400,47.00626,-96.191279
14003000,46.77371,-96.220957
14004900,46.865593,-96.256682
14010000,46.83247,-96.326377
15000100,47.297145,-95.176245
15000500,47.235429,-95.267254
15001000,47.196609,-95.221467
15001600,47.233782,-95.19835
15003500,47.740361,-95.27544
15003800,47.708893,-95.291125
15004000,47.761621,-95.241642
15005000,47.780544,-95.236765
15005001,47.780544,-95.236765
15005002,47.780544,-95.236765
15005700,47.282841,-95.310715
15005900,47.381045,-95.296864
15006000,47.49085,-95.301926
15006800,47.199831,-95.415375
15007500,47.296311,-95.386923
15007900,47.370508,-95.31812
15008100,47.527946,-95.401263
15008300,47.66653,-95.396011
15008400,47.620763,-95.310985
15008600,47.73725,-95.325047
15009000,47.681624,-95.393995
15010300,47.275601,-95.426889
15010400,47.586956,-95.431651
15010800,47.152951,-95.455052
15011600,47.201107,-95.489424
15011700,47.191548,-95.532908
15012400,47.24163,-95.460486
15012700,47.269052,-95.497343
15012800,47.257851,-95.442968
15013100,47.368187,-95.529414
15013102,47.368187,-95.529414
15013700,47.533818,-95.467823
15013900,47.517626,-95.453862
15014000,47.520293,-95.479585
15014400,47.644563,-95.472576
15014900,47.698975,-95.508686
15026000,47.164587,-95.486725
15029300,47.671312,-95.498887
15032200,47.184632,-95.357542
16000100,47.165441,-91.424757
16001500,47.895794,-90.002744
16001900,47.934049,-90.068754
16002300,47.981487,-90.108129
16002600,48.054261,-90.056943
16002700,48.053357,-90.056764
16002900,47.991373,-90.095777
16003200,47.9877,-90.00868
16003300,47.985355,-90.083171
16004400,47.868621,-90.217134
16004500,47.863948,-90.228528
16004600,47.867179,-90.218178
16004900,47.87403,-90.183165
16005000,47.866792,-90.140258
16007100,48.02328,-90.232667
16007700,47.98716,-90.184257
16008000,48.005377,-90.243506
16009600,47.860286,-90.285911
16009800,47.849374,-90.350292
16013500,48.001014,-90.291277
16013900,48.075188,-90.368522
16014300,47.826843,-90.429365
16014500,47.902909,-90.3979
16014600,48.035605,-90.397871
16014700,48.051571,-90.406084
16015600,47.880042,-90.445494
16015900,47.859221,-90.419393
16017400,47.956536,-90.447551
16017500,47.94586,-90.440831
16018200,47.913135,-90.502275
16018600,47.902809,-90.39854
16019400,47.895212,-90.406698
16019600,48.056142,-90.411059
16019800,48.055376,-90.468099
16020400,48.044627,-90.419629
16022700,48.061852,-90.443809
16022800,48.062619,-90.444231
16022802,48.062619,-90.444231
16023500,47.86379,-90.526879
16023900,48.055507,-90.544262
16024700,48.068056,-90.543793
16024800,47.718117,-90.632723
16025200,47.761062,-90.590469
16025300,47.721882,-90.617562
16032800,48.06766,-90.617429
16033700,48.075633,-90.569389
16034600,47.862158,-90.631808
16034800,47.926131,-90.644979
16035500,48.069324,-90.643574
16035600,48.084742,-90.755957
16035800,47.695836,-90.737589
16036000,47.707419,-90.66605
16036500,47.77433,-90.751821
16036600,47.777663,-90.692728
16036900,47.740142,-90.752693
16037300,47.736267,-90.735788
16038200,47.84452,-90.734184
16038300,47.842866,-90.752296
16038400,47.819916,-90.710237
16040500,47.902349,-90.656904
16040600,47.904527,-90.659891
16044800,48.073803,-90.73734
16045400,47.832547,-90.771764
16048600,47.84519,-90.816881
16048800,47.837134,-90.812843
16048900,47.835876,-90.789256
16049600,47.863456,-90.887633
16058200,48.120817,-90.840107
16060600,48.074488,-90.836511
16060700,48.077223,-90.823316
16062900,48.147112,-90.86972
16063200,48.160793,-90.894756
16063201,48.160793,-90.894756
16063300,48.164736,-90.883088
16063301,48.164736,-90.883088
16063302,48.164736,-90.883088
16063303,48.164736,-90.883088
16063305,48.164736,-90.883088
16063306,48.164736,-90.883088
16063307,48.164736,-90.883088
16063308,48.164736,-90.883088
16063900,47.702193,-90.962418
16064500,47.713018,-90.953429
16064600,47.708286,-90.993919
16090100,47.987066,-89.935382
17000300,43.945591,-94.958495
17000700,43.923559,-95.043833
17000800,43.903045,-95.079348
17001100,43.871009,-95.038971
17001800,43.975782,-95.078987
17002000,43.953609,-95.00467
17002200,43.876125,-95.102554
17002300,43.992134,-95.102977
17002400,43.846324,-95.193685
17003300,44.004001,-95.260609
17003700,44.11173,-95.340315
17004100,43.849428,-95.410229
17004400,43.916407,-95.435863
17005400,44.07257,-95.379325
17005600,44.059744,-95.380713
17005601,44.059744,-95.380713
17005602,44.059744,-95.380713
17006000,43.864484,-95.456688
17007300,43.856742,-95.065173
18000900,46.199736,-93.899251
18001600,46.174346,-93.896491
18001800,46.225328,-93.862412
18002000,46.309665,-93.835047
18003400,46.405082,-93.845883
18003800,46.413126,-93.911259
18004100,46.360628,-93.917089
18004101,46.360628,-93.917089
18004102,46.360628,-93.917089
18004800,46.350038,-93.833862
18005300,46.338765,-93.88989
18005900,46.490766,-93.892314
18008800,46.160499,-93.937398
18009000,46.47866,-93.955763
18009300,46.530644,-93.928491
18009301,46.530644,-93.928491
18009302,46.530644,-93.928491
18009600,46.298136,-94.056462
18010400,46.382155,-93.973778
18010800,46.365572,-93.961029
18011100,46.411803,-93.963332
18011200,46.414905,-93.986301
18011700,46.46856,-94.010795
18011800,46.468937,-94.033321
18012000,46.453305,-94.031681
18013100,46.520579,-93.957264
18013600,46.2753,-94.103519
18013900,46.466617,-94.051578
18014000,46.514066,-94.064109
18014500,46.37083,-94.165972
18015500,46.231665,-94.341427
18016100,46.164306,-94.327869
18016500,46.673757,-93.820945
18016700,46.654127,-93.821422
18016701,46.654127,-93.821422
18016702,46.654127,-93.821422
18016900,46.643502,-93.80289
18017000,46.644075,-93.877091
18017500,46.721573,-93.854809
18017800,46.750567,-93.889223
18018100,46.597295,-93.892718
18018300,46.685459,-93.896623
18018400,46.665808,-93.906073
18018600,46.614399,-93.949512
18019500,46.678012,-94.000525
18020300,46.716666,-93.953154
18020400,46.722314,-93.970335
18020800,46.793836,-93.995438
18021200,46.760109,-93.954983
18021800,46.721755,-93.972022
18022000,46.804019,-93.940224
18022500,46.62963,-93.999901
18022600,46.690384,-94.04081
18022700,46.68661,-94.029867
18022701,46.68661,-94.029867
18022702,46.68661,-94.029867
18023900,46.511261,-94.13185
18024000,46.485994,-94.107494
18024200,46.562386,-94.069922
18024300,46.536983,-94.10716
18025100,46.57128,-94.105672
18025101,46.57128,-94.105672
18025102,46.57128,-94.105672
18025600,46.555553,-94.098832
18026100,46.632244,-94.119862
18027800,46.669389,-94.138702
18028700,46.633198,-94.041051
18029300,46.766923,-94.077259
18029400,46.781092,-94.033248
18029600,46.760289,-94.037161
18029601,46.760289,-94.037161
18029602,46.760289,-94.037161
18029603,46.760289,-94.037161
18029800,46.745857,-94.083
18030500,46.501047,-94.178761
18030600,46.489274,-94.132917
18030800,46.545298,-94.208298
18030801,46.545298,-94.208298
18030802,46.545298,-94.208298
18031000,46.682051,-94.28553
18031200,46.671333,-94.112399
18031201,46.671333,-94.112399
18031202,46.671333,-94.112399
18031203,46.671333,-94.112399
18031400,46.648811,-94.153946
18031500,46.723408,-94.130479
18032000,46.390892,-94.193408
18032001,46.390892,-94.193408
18032002,46.390892,-94.193408
18032003,46.390892,-94.193408
18033800,46.482928,-94.235912
18034200,46.546984,-94.152356
18035100,46.551856,-94.208195
18035200,46.629584,-94.165175
18035600,46.67029,-94.23142
18036100,46.649486,-94.204764
18036200,46.65335,-94.227045
18036300,46.64621,-94.207727
18036400,46.652999,-94.22742
18037100,46.332092,-94.273389
18037200,46.466661,-94.177118
18037300,46.445522,-94.285595
18037400,46.502346,-94.258767
18037500,46.483929,-94.28096
18037700,46.559104,-94.248036
18037800,46.660272,-94.286112
18037900,46.359472,-94.287329
18038600,46.381044,-94.286107
18038700,46.361019,-94.301185
18038701,46.361019,-94.301185
18038702,46.361019,-94.301185
18038703,46.361019,-94.301185
18039600,46.540318,-94.309127
18039900,46.518096,-94.29053
18040300,46.535921,-94.282675
18040400,46.609327,-94.321176
18040700,46.557421,-94.306697
18040900,46.549069,-94.308215
18041200,46.642622,-94.310834
18041600,46.807543,-94.33103
18043400,46.500139,-93.944751
18043500,46.498366,-93.93973
18043700,46.487493,-93.973843
18043900,46.482954,-93.991188
18044100,46.483493,-93.992943
18052300,46.451927,-94.048737
18052400,46.462766,-94.039965
18066700,46.493808,-94.047145
18074000,46.471704,-94.031466
19000500,44.845435,-93.007759
19000501,44.845435,-93.007759
19000502,44.845435,-93.007759
19000503,44.845435,-93.007759
19000504,44.845435,-93.007759
19000505,44.845435,-93.007759
19000600,44.515772,-92.988214
19002600,44.666625,-93.284844
19002601,44.666625,-93.284844
19002602,44.666625,-93.284844
19002603,44.666625,-93.284844
19002700,44.7267,-93.277548
19003000,44.746626,-92.859321
19003100,44.695992,-93.30822
19005700,44.822223,-93.161199
19005900,44.818663,-93.182217
19007100,44.777368,-93.165972
19008000,44.873237,-93.140516
20001300,44.083891,-92.655827
21001600,45.859437,-95.239168
21003400,46.070734,-95.221746
21004100,45.819928,-95.336733
21004900,45.856308,-95.343891
21005200,45.914863,-95.32783
21005300,45.892681,-95.379546
21005400,45.860799,-95.344202
21005600,45.941352,-95.337396
21005700,45.962255,-95.353469
21007300,46.078369,-95.370334
21007600,46.067387,-95.312303
21007900,45.789266,-95.368136
21008100,45.876229,-95.405791
21008300,46.056861,-95.373274
21008500,45.813153,-95.419302
21009000,45.770061,-95.408369
21009200,45.808351,-95.496363
21009400,45.931364,-95.425881
21010200,45.909824,-95.446991
21010300,45.901984,-95.408831
21010600,45.864279,-95.451392
21010601,45.864279,-95.451392
21010602,45.864279,-95.451392
21010800,45.903804,-95.464438
21012300,46.019796,-95.408572
21013600,46.026553,-95.476319
21014000,45.784604,-95.525209
21014400,45.872167,-95.562462
21014401,45.872167,-95.562462
21014402,45.872167,-95.562462
21014500,46.012822,-95.512085
21015000,45.830635,-95.548087
21015100,45.822286,-95.551669
21016000,45.802377,-95.545581
21016200,45.796108,-95.622609
21018000,45.845333,-95.530758
21018900,45.888737,-95.572483
21019700,45.862148,-95.549811
21019900,45.868091,-95.566071
21019901,45.868091,-95.566071
21019902,45.868091,-95.566071
21021200,45.992409,-95.596025
21021300,45.992957,-95.572827
21021600,45.977532,-95.56994
21022600,45.957104,-95.590344
21024200,46.064247,-95.578062
21024500,46.067051,-95.613547
21025700,45.832841,-95.614148
21025701,45.832841,-95.614148
21025702,45.832841,-95.614148
21026400,45.990913,-95.64601
21029100,45.859963,-95.704887
21032300,45.932956,-95.671294
21034300,45.955522,-95.667981
21037500,46.071842,-95.770945
22000700,43.650258,-93.7381
22002200,43.661981,-93.787873
22002300,43.675364,-93.797269
22003300,43.840345,-93.836317
22007400,43.821498,-94.072748
22007500,43.811873,-94.079714
22008800,43.663598,-94.226084
24001400,43.612249,-93.313083
24001500,43.788006,-93.280515
24001800,43.668616,-93.398931
24001801,43.668616,-93.398931
24001802,43.668616,-93.398931
24001803,43.668616,-93.398931
24002500,43.621214,-93.397746
24002700,43.561927,-93.4322
24002800,43.560157,-93.494212
24003000,43.499987,-93.472392
24003100,43.59748,-93.430655
24004100,43.760765,-93.431051
24004300,43.67119,-93.578326
24004400,43.740883,-93.558698
25000100,44.47551,-92.299865
25001700,44.603033,-92.620209
25001701,44.603033,-92.620209
25001702,44.603033,-92.620209
25001703,44.603033,-92.620209
25001704,44.603033,-92.620209
25001705,44.603033,-92.620209
25001706,44.603033,-92.620209
25001707,44.603033,-92.620209
26000200,46.061547,-95.829707
26002000,45.900823,-95.807731
26004000,45.859356,-95.794684
26005100,45.992347,-95.859166
26005500,45.990811,-95.865661
26009500,45.911995,-95.88403
26009700,46.035435,-95.895156
26018500,45.764224,-96.025399
26020400,45.797471,-96.109762
26021800,45.760613,-96.071358
26023500,45.874357,-96.116771
26028200,46.071838,-96.098872
26029000,46.007294,-96.056694
26029400,46.050176,-96.139346
27000100,44.875726,-93.190529
27000300,44.971397,-93.23687
27000400,44.847326,-93.307378
27001600,44.928162,-93.306955
27001900,44.910442,-93.244932
27003100,44.947763,-93.306675
27003300,45.043259,-93.282073
27003400,45.022777,-93.326432
27003700,44.982221,-93.321355
27004200,45.035948,-93.339935
27004201,45.035948,-93.339935
27004202,45.035948,-93.339935
27004203,45.035948,-93.339935
27004700,44.831287,-93.381561
27004800,44.824085,-93.371048
27006700,44.881948,-93.431526
27007000,44.854275,-93.495942
27007100,44.869202,-93.49025
27007600,44.843809,-93.470646
27007800,44.841075,-93.457461
27010400,45.017518,-93.426525
27010700,44.996805,-93.470646
27011100,45.07939,-93.405851
27011101,45.07939,-93.405851
27011102,45.07939,-93.405851
27011700,45.11073,-93.509634
27011800,45.08376,-93.463986
27012500,45.199432,-93.496031
27012700,45.177951,-93.501097
27013300,44.95036,-93.617618
27013301,44.95036,-93.617618
27013302,44.95036,-93.617618
27013303,44.95036,-93.617618
27013304,44.95036,-93.617618
27013305,44.95036,-93.617618
27013306,44.95036,-93.617618
27013307,44.95036,-93.617618
27013308,44.95036,-93.617618
27013309,44.95036,-93.617618
27013310,44.95036,-93.617618
27013311,44.95036,-93.617618
27013312,44.95036,-93.617618
27013313,44.95036,-93.617618
27013314,44.95036,-93.617618
27013315,44.95036,-93.617618
27013700,44.901175,-93.548782
27014900,45.038407,-93.621196
27015800,45.014347,-93.533081
27016000,44.987494,-93.569274
27017600,45.025893,-93.635795
27017900,44.952686,-93.706394
27017901,44.952686,-93.706394
27017902,44.952686,-93.706394
27018100,44.943204,-93.671373
27018400,44.934127,-93.731661
27018401,44.934127,-93.731661
27018402,44.934127,-93.731661
27019100,45.06571,-93.691433
27019101,45.06571,-93.691433
27019102,45.06571,-93.691433
27019200,45.069893,-93.750741
27019900,45.09389,-93.675283
27104500,44.851261,-93.362326
27104501,44.851261,-93.362326
28000100,43.68684,-91.272671
28000101,43.68684,-91.272671
28000102,43.68684,-91.272671
28000103,43.68684,-91.272671
28000104,43.68684,-91.272671
28000105,43.68684,-91.272671
28000106,43.68684,-91.272671
28000107,43.68684,-91.272671
28000108,43.68684,-91.272671
29000200,46.871147,-94.741443
29000300,46.868862,-94.744305
29003200,47.033733,-94.703792
29003600,47.010384,-94.73156
29003601,47.010384,-94.73156
29003602,47.010384,-94.73156
29004500,46.985043,-94.754608
29004800,47.137856,-94.674229
29006100,47.217308,-94.748054
29006300,47.296959,-94.750433
29006600,47.384353,-94.728323
29007100,47.410837,-94.760084
29007200,46.969916,-94.775975
29007500,47.176053,-94.791036
29007700,46.873791,-94.85071
29007800,46.873733,-94.858148
29008700,46.826153,-94.87564
29008800,46.889918,-94.831061
29008900,46.961275,-94.885784
29009300,46.92253,-94.870387
29009800,47.057742,-94.832649
29010100,47.029154,-94.839504
29010101,47.029154,-94.839504
29010102,47.029154,-94.839504
29010103,47.029154,-94.839504
29011700,47.007637,-94.839221
29011701,47.007637,-94.839221
29011702,47.007637,-94.839221
29012200,47.176574,-94.852582
29013000,47.161954,-94.841131
29013100,47.157987,-94.841013
29013200,47.159647,-94.83358
29014200,46.804942,-94.917056
29014300,46.868038,-94.932849
29014600,46.960145,-94.843434
29014800,47.047022,-94.917206
29014900,47.020571,-94.919392
29015000,46.987028,-94.929188
29015100,47.069956,-94.93866
29015101,47.069956,-94.93866
29015102,47.069956,-94.93866
29015103,47.069956,-94.93866
29015104,47.069956,-94.93866
29015105,47.069956,-94.93866
29015600,47.367261,-94.909737
29016100,46.842141,-95.012074
29016200,46.971798,-94.940667
29017800,47.035352,-94.98826
29018400,47.021795,-95.009544
29018500,46.98628,-94.948843
29018600,47.013595,-94.949451
29021500,47.160691,-95.0133
29021600,47.196057,-94.990992
29021700,47.197078,-94.994487
29022000,47.169839,-94.91891
29022400,47.165149,-94.933113
29022700,47.309719,-95.011829
29023100,47.27349,-95.011539
29023400,47.242777,-95.004563
29023700,47.394958,-94.975159
29024100,47.33909,-94.990481
29024200,46.945606,-95.075065
29024300,47.016158,-95.087289
29024600,47.339095,-95.056221
29024700,46.859254,-95.056624
29024800,46.830453,-95.076451
29024900,46.840157,-95.042667
29025000,46.964632,-95.123704
29025400,47.059093,-95.137284
29025600,47.017533,-95.104142
29027500,47.11161,-95.055246
29028900,47.189172,-95.16759
29029200,47.159205,-95.120067
29030000,47.268215,-95.052121
29030900,47.347201,-95.165185
29031200,47.064275,-95.170858
29031300,47.10309,-95.170192
29050400,46.929008,-95.055243
30000900,45.405892,-93.090043
30002200,45.573424,-93.151817
30003500,45.544709,-93.226216
30004300,45.554783,-93.179209
30004400,45.630729,-93.229584
30005700,45.724693,-93.223527
30007200,45.489284,-93.341009
30008000,45.500778,-93.325621
30009600,45.721624,-93.361966
30010000,45.470936,-93.395995
30010700,45.482877,-93.499557
30010701,45.482877,-93.499557
30010702,45.482877,-93.499557
30013500,45.574799,-93.404234
30013600,45.57642,-93.430048
30013800,45.648926,-93.464597
31000100,47.174177,-93.073016
31000300,47.633167,-93.069965
31000700,47.189865,-93.15793
31001600,47.129728,-93.133452
31002000,47.262747,-93.14024
31002200,47.259335,-93.07791
31002300,47.247635,-93.085742
31002600,47.243774,-93.174866
31002601,47.243774,-93.174866
31002602,47.243774,-93.174866
31002800,47.22631,-93.070535
31005100,47.592023,-93.119446
31005200,47.591383,-93.138726
31005700,47.636898,-93.167886
31005800,47.710604,-93.073753
31005900,47.7037,-93.096013
31006700,47.288776,-93.198653
31006701,47.288776,-93.198653
31006702,47.288776,-93.198653
31006703,47.288776,-93.198653
31006900,47.528931,-93.19602
31007000,47.579916,-93.181472
31008400,47.123726,-93.315013
31009300,47.257159,-93.278577
31009600,47.249541,-93.25179
31010600,47.335053,-93.21356
31010800,47.332893,-93.233801
31011100,47.305502,-93.261312
31011200,47.30244,-93.254922
31012000,47.413941,-93.271596
31012400,47.377788,-93.267031
31014100,47.469448,-93.242525
31014800,47.622008,-93.212811
31015000,47.574603,-93.307099
31015200,47.561166,-93.262797
31015400,47.558463,-93.29795
31015600,47.694755,-93.284476
31015700,47.677283,-93.267868
31015800,47.79928,-93.239357
31016000,47.805365,-93.279466
31016200,47.779128,-93.236693
31017500,47.854235,-93.289808
31018300,47.841984,-93.290958
31019000,47.30894,-93.311557
31019200,47.426915,-93.325471
31019300,47.460343,-93.337321
31019800,47.101087,-93.415962
31021600,47.288006,-93.419253
31021900,47.357693,-93.422559
31022700,47.310054,-93.355521
31023100,47.426198,-93.389198
31025500,47.462236,-93.381934
31025800,47.550396,-93.406053
31025900,47.519135,-93.402255
31026500,47.607576,-93.401729
31026600,47.590986,-93.392531
31026601,47.590986,-93.392531
31026602,47.590986,-93.392531
31026700,47.608757,-93.396619
31026800,47.607062,-93.363844
31027800,47.56093,-93.418282
31028400,47.701476,-93.389974
31028900,47.68618,-93.401772
31029000,47.701292,-93.370705
31029200,47.671168,-93.39046
31029900,47.663784,-93.383446
31031100,47.803658,-93.384624
31031200,47.799895,-93.39315
31031400,47.795008,-93.412958
31031600,47.789025,-93.406034
31031700,47.767332,-93.417478
31032000,47.733759,-93.346307
31032800,47.868884,-93.395518
31033400,47.825218,-93.374814
31033900,47.826088,-93.36436
31034100,47.071112,-93.448625
31034900,47.63037,-93.454819
31034901,47.63037,-93.454819
31035300,47.054648,-93.498771
31035600,47.100407,-93.450601
31037200,47.247185,-93.52404
31037300,47.242709,-93.537244
31037400,47.237198,-93.544821
31038400,47.313253,-93.548014
31038401,47.313253,-93.548014
31038402,47.313253,-93.548014
31038403,47.313253,-93.548014
31039200,47.434627,-93.536806
31040200,47.388327,-93.476104
31040500,47.37795,-93.547652
31040600,47.379504,-93.537323
31041300,47.519962,-93.506229
31042300,47.511836,-93.53053
31042400,47.507423,-93.520308
31043200,47.512123,-93.509883
31043800,47.487212,-93.503313
31044400,47.472984,-93.513605
31045400,47.606462,-93.475657
31047000,47.605539,-93.458865
31048100,47.574181,-93.516151
31049700,47.552424,-93.545272
31052400,47.723042,-93.567741
31052401,47.723042,-93.567741
31052402,47.723042,-93.567741
31053000,47.860953,-93.499121
31053200,47.136714,-93.600455
31053201,47.136714,-93.600455
31053202,47.136714,-93.600455
31053800,47.500115,-93.563101
31054000,47.605417,-93.576586
31054300,47.569628,-93.57446
31054400,47.653644,-93.568955
31054700,47.103577,-93.581279
31055100,47.04305,-93.595079
31055200,47.0381,-93.593576
31055400,47.16668,-93.666748
31056500,47.237119,-93.633463
31056600,47.246318,-93.608441
31056900,47.24309,-93.676081
31057000,47.225625,-93.631727
31057100,47.228424,-93.633489
31057500,47.287512,-93.594724
31057600,47.335349,-93.662182
31058500,47.367981,-93.610652
31058600,47.426534,-93.591675
31058700,47.450092,-93.628217
31058800,47.443433,-93.637544
31059400,47.429703,-93.697779
31060000,47.427504,-93.610253
31060200,47.410983,-93.591688
31060500,47.410585,-93.614374
31061000,47.407305,-93.662815
31061300,47.459394,-93.591157
31062000,47.523943,-93.639645
31062200,47.536147,-93.676577
31062400,47.509269,-93.658949
31063700,47.478419,-93.64392
31064100,47.45992,-93.701821
31064900,47.544299,-93.593166
31065300,47.550151,-93.655606
31065400,47.618472,-93.596601
31065600,47.615787,-93.603271
31067000,47.574557,-93.608087
31067100,47.573914,-93.603709
31071700,47.210788,-93.711232
31071900,47.3582,-93.69275
31072200,47.383668,-93.686037
31072500,47.639061,-93.722034
31072600,47.664655,-93.705515
31073300,47.162437,-93.720895
31073900,47.202594,-93.760933
31074000,47.269456,-93.74075
31075100,47.368684,-93.711442
31075400,47.429533,-93.729458
31075800,47.487995,-93.722533
31077300,47.639787,-93.720763
31077500,47.154555,-93.778339
31077600,47.316616,-93.790533
31077900,47.610224,-93.750692
31078100,47.673899,-93.776132
31078200,47.710814,-93.771455
31078400,47.566134,-93.831007
31078600,47.574909,-93.797599
31079100,47.64152,-93.841274
31079300,47.650264,-93.792787
31080300,47.718332,-93.844577
31080400,47.729974,-93.865058
31080500,47.71223,-93.827196
31081200,47.351256,-93.957943
31081300,47.497165,-93.894592
31081800,47.493166,-94.017118
31082200,47.422315,-93.998983
31082600,47.588219,-93.973205
31083200,47.619764,-93.960992
31083600,47.67332,-93.98832
31083700,47.748928,-93.965657
31084300,47.693875,-93.968758
31084500,47.751458,-93.968126
31085000,47.424102,-94.037591
31085200,47.502947,-94.039238
31085300,47.658059,-94.032786
31085700,47.503844,-94.06427
31085701,47.503844,-94.06427
31085702,47.503844,-94.06427
31085703,47.503844,-94.06427
31086100,47.560516,-94.140101
31086300,47.557137,-94.10249
31087700,47.630231,-94.129001
31088200,47.740364,-94.051438
31089200,47.586273,-94.165465
31089300,47.561738,-94.16991
31089400,47.51734,-94.162195
31089600,47.635266,-94.175771
31089800,47.813313,-94.149249
31090400,47.633639,-94.233967
31091000,47.755448,-94.267276
31091300,47.831714,-94.260484
31092100,47.600314,-94.290538
31092900,47.547925,-94.356006
31093400,47.64115,-94.400695
31094400,47.605537,-94.415985
31094600,47.223479,-93.612357
31099200,47.770235,-94.097404
31122500,47.380692,-93.133937
32001500,43.687753,-95.080746
32001600,43.803934,-95.031229
32001601,43.803934,-95.031229
32001602,43.803934,-95.031229
32001700,43.761314,-95.045742
32001800,43.83838,-95.054758
32001802,43.83838,-95.054758
32001803,43.83838,-95.054758
32001804,43.83838,-95.054758
32002000,43.52941,-95.106059
32002200,43.620277,-95.09429
32002400,43.515408,-95.123881
32003300,43.526093,-95.120504
32005700,43.706524,-95.210192
32005701,43.706524,-95.210192
32005702,43.706524,-95.210192
32005705,43.706524,-95.210192
32005707,43.706524,-95.210192
32005800,43.819336,-95.205214
32005900,43.527683,-95.260276
32006900,43.549719,-95.434541
33000100,46.132741,-93.085115
33000300,46.1425,-93.139947
33000900,46.011271,-93.180451
33001500,45.893786,-93.17795
33002800,45.960865,-93.313879
33003200,45.745332,-93.366405
33003600,45.820676,-93.326418
33004000,45.900675,-93.427691
34002200,45.074311,-94.80894
34002202,45.074311,-94.80894
34003200,45.08374,-94.789585
34003300,45.075959,-94.808306
34004400,45.191091,-94.861252
34006200,45.264857,-94.833752
34006201,45.264857,-94.833752
34006600,45.3322,-94.848987
34007200,44.974998,-94.870719
34007600,45.074565,-94.878933
34007800,45.202306,-94.879504
34007900,45.263243,-94.869359
34008600,44.985651,-94.978463
34009600,45.061891,-94.940206
34011600,45.23313,-94.989402
34011900,45.210123,-94.940759
34013900,45.167928,-94.955643
34014200,45.249285,-94.985174
34015400,45.264233,-94.945309
34015800,45.303572,-94.932594
34015801,45.303572,-94.932594
34015802,45.303572,-94.932594
34015803,45.303572,-94.932594
34015804,45.303572,-94.932594
34016900,45.055686,-94.970308
34016902,45.055686,-94.970308
34016903,45.055686,-94.970308
34017100,45.172564,-95.003254
34017200,45.240689,-95.008572
34018000,45.128839,-95.0352
34018001,45.128839,-95.0352
34018002,45.128839,-95.0352
34018100,45.132407,-95.05851
34019200,45.186459,-95.043083
34019300,45.194895,-95.007947
34019500,45.185471,-95.043386
34020400,45.249147,-95.071485
34020600,45.315769,-95.045495
34020800,45.308994,-95.084672
34021700,45.259119,-95.060561
34022400,45.325356,-95.090831
34024600,45.183743,-95.079642
34025100,45.309839,-95.132634
34025101,45.309839,-95.132634
34025102,45.309839,-95.132634
34026600,44.996456,-95.165444
34032100,45.271935,-95.13608
35000100,48.630561,-96.439443
35000300,48.72427,-96.601641
35000600,48.622773,-96.46718
36000800,48.391366,-93.422218
36000900,48.008471,-94.102295
36001100,47.96229,-94.096922
36001400,47.960203,-94.098031
36001800,47.875996,-94.266441
36001900,47.869352,-94.218437
37004600,45.098279,-95.979888
37004601,45.098279,-95.979888
37004602,45.098279,-95.979888
38000200,47.693246,-91.024723
38001400,47.51863,-91.094471
38001500,47.509772,-91.107958
38001800,47.47665,-91.112295
38002400,47.6094,-91.074048
38002401,47.6094,-91.074048
38002402,47.6094,-91.074048
38002600,47.60223,-91.047268
38002800,47.587731,-91.079317
38002900,47.593607,-91.067413
38003300,47.577819,-91.075165
38004200,47.702188,-91.125484
38004700,47.660467,-91.061209
38004800,47.657645,-91.11436
38005100,47.658699,-91.064526
38005300,47.640108,-91.094894
38005700,47.644342,-91.134566
38005701,47.644342,-91.134566
38005702,47.644342,-91.134566
38006000,47.718424,-91.044872
38006600,47.736589,-91.102415
38006800,47.743353,-91.086983
38008000,47.839129,-91.102301
38021800,47.644848,-91.146629
38021900,47.727264,-91.14853
38025600,47.609508,-91.256056
38029200,47.741377,-91.241879
38039300,47.612788,-91.268651
38039500,47.720264,-91.275324
38039600,47.80383,-91.302458
38040600,47.351679,-91.293447
38043100,47.645379,-91.328936
38043200,47.643818,-91.344395
38044000,47.636222,-91.315929
38044300,47.781217,-91.384482
38052900,47.971296,-91.432267
38053900,47.431253,-91.483904
38054900,47.702111,-91.437351
38055000,47.708827,-91.527131
38055100,47.696307,-91.52748
38055200,47.699111,-91.513634
38055300,47.692514,-91.5264
38055700,47.68808,-91.443888
38056800,47.657762,-91.457612
38057300,47.648734,-91.477428
38060200,47.965203,-91.481256
38060500,47.93904,-91.478351
38061500,47.968987,-91.487309
38063400,47.975879,-91.497591
38064000,47.955627,-91.562166
38064400,47.987256,-91.500088
38064700,47.283438,-91.661343
38065600,47.505387,-91.653203
38066400,47.704162,-91.635207
38067000,47.676937,-91.553853
38067100,47.687427,-91.576051
38067400,47.67783,-91.619241
38067900,47.659028,-91.598609
38068600,47.638769,-91.536482
38068700,47.718008,-91.619295
38068800,47.791424,-91.585165
38069100,47.76612,-91.597384
38070300,47.850496,-91.629043
38071000,47.959807,-91.589285
38071200,47.953364,-91.566796
38071201,47.953364,-91.566796
38071202,47.953364,-91.566796
38072400,47.962235,-91.570416
38072900,47.970314,-91.596752
38073500,47.581167,-91.662998
38073600,47.76311,-91.668804
38074400,47.183106,-91.754932
38075000,47.256421,-91.66955
38075500,47.381132,-91.669547
38077000,47.704153,-91.686501
38077900,47.89381,-91.741127
38078100,47.942084,-91.703619
38078200,47.928069,-91.76061
38079000,47.98213,-91.782242
38081000,47.969584,-91.77133
38081100,47.932072,-91.801707
39000200,48.90163,-95.302128
39000201,48.90163,-95.302128
39000202,48.90163,-95.302128
40000100,44.255572,-93.522064
40000200,44.225338,-93.519436
40000900,44.286448,-93.585058
40001000,44.345879,-93.57075
40001300,44.319425,-93.575857
40001400,44.309074,-93.636394
40001600,44.453376,-93.545102
40002000,44.400416,-93.6195
40002700,44.476896,-93.544845
40002800,44.4711,-93.602512
40003100,44.224855,-93.60615
40003200,44.334924,-93.669421
40003300,44.364246,-93.63647
40003900,44.255995,-93.723506
40004400,44.237512,-93.696581
40005100,44.227416,-93.661611
40005600,44.210712,-93.679556
40005700,44.205025,-93.675796
40006100,44.203881,-93.668493
40006300,44.277626,-93.742934
40007900,44.440103,-93.700691
40009200,44.277846,-93.813802
40009201,44.277846,-93.813802
40009202,44.277846,-93.813802
40009203,44.277846,-93.813802
40009204,44.277846,-93.813802
40009500,44.492163,-93.75639
40010400,44.281688,-93.819237
40010900,44.322972,-93.808643
40011700,44.252005,-93.886372
40012400,44.303873,-93.915734
41002100,44.350926,-96.098557
41002101,44.350926,-96.098557
41003400,44.388312,-96.174371
41004300,44.264002,-96.285123
41005500,44.426584,-96.295978
41006200,44.537565,-96.237344
41006700,44.511323,-96.280392
41008200,44.534979,-96.323775
41008900,44.409797,-96.363682
41011000,44.505125,-96.435328
41015600,44.609564,-96.166678
42000200,44.557538,-95.624564
42001400,44.615974,-95.668272
42002000,44.572659,-95.621675
42004300,44.281694,-95.892243
42004700,44.239468,-95.866907
42005200,44.270659,-95.934317
42005400,44.332682,-95.923733
42005500,44.323702,-95.953258
42007400,44.21453,-96.050866
42007800,44.361835,-96.02969
42009300,44.380364,-96.039824
42009600,44.383367,-96.0126
43001200,44.956162,-94.026335
43003400,44.891981,-94.210713
43004000,44.910785,-94.226255
43004800,44.680498,-94.346609
43004801,44.680498,-94.346609
43005300,44.651205,-94.319024
43007100,44.965191,-94.344937
43007300,44.951116,-94.336331
43007600,44.946077,-94.307136
43008100,44.949722,-94.336332
43008400,44.789573,-94.381794
43008500,44.8784,-94.413711
43008501,44.8784,-94.413711
43009700,44.785697,-94.416771
43009800,44.804171,-94.446173
43010400,44.950529,-94.41966
43011500,44.956523,-94.460036
43011600,44.716587,-94.503289
44000200,47.3568,-95.55263
44000300,47.162288,-95.610036
44000600,47.229708,-95.603424
44001400,47.230826,-95.657563
44003800,47.446911,-95.644213
44004500,47.19894,-95.651044
44009200,47.303558,-95.800297
44010800,47.269563,-95.691367
44025500,47.195123,-95.973726
45000100,48.502585,-95.860764
45001000,48.41208,-96.553513
45001100,48.472656,-96.322382
45011900,48.427865,-96.651404
46001000,43.557538,-94.368851
46001200,43.646629,-94.367651
46001400,43.565438,-94.47778
46001401,43.565438,-94.47778
46002000,43.512741,-94.466724
46002400,43.667408,-94.464213
46002500,43.650336,-94.463806
46003000,43.634693,-94.466733
46003100,43.632947,-94.465448
46003400,43.611432,-94.471248
46004900,43.503319,-94.452335
46005100,43.528751,-94.575415
46005200,43.551278,-94.582317
46007600,43.601387,-94.552553
46009600,43.521432,-94.644146
46010300,43.66053,-94.717388
46010900,43.682676,-94.666591
46011100,43.732793,-94.669066
46012100,43.795257,-94.736745
46013300,43.733479,-94.735502
46014500,43.841828,-94.754435
47000200,45.22472,-94.272176
47001400,45.012329,-94.336299
47001500,45.011899,-94.336153
47001600,45.003289,-94.298692
47001900,44.994357,-94.304321
47002300,45.152438,-94.306311
47002500,45.131871,-94.295077
47002600,45.096427,-94.301983
47003200,45.094339,-94.302543
47003800,45.159107,-94.270434
47004600,45.073577,-94.340954
47004900,44.98245,-94.41379
47004901,44.98245,-94.41379
47004902,44.98245,-94.41379
47005000,45.056433,-94.436857
47006100,45.008544,-94.500143
47006200,45.00934,-94.475598
47006400,45.004185,-94.418946
47006800,45.060829,-94.42495
47008200,45.161766,-94.426612
47008800,45.155077,-94.443026
47009500,45.288586,-94.445059
47009600,45.275157,-94.432675
47010200,45.079269,-94.511079
47010600,44.965409,-94.516483
47011900,45.044346,-94.518282
47012900,45.056245,-94.593811
47013400,45.102523,-94.530333
47013401,45.102523,-94.530333
47013402,45.102523,-94.530333
47013800,45.080852,-94.569007
47014000,45.073667,-94.560589
47015900,44.93735,-94.723558
47017700,45.108602,-94.681018
48000200,46.286402,-93.820948
48000400,45.570175,-93.554887
48001000,45.572393,-93.656821
48001200,46.104703,-93.727317
49000500,46.124609,-93.881971
49001500,46.152816,-93.887987
49001600,46.142356,-93.947731
49001900,46.15668,-93.98205
49002400,45.961126,-94.158588
49002500,45.941762,-94.252787
49003500,46.064479,-94.398924
49005600,46.13028,-94.454096
49007900,46.220318,-94.587951
49008100,45.824422,-94.631379
49011800,46.265959,-94.540796
49012700,46.248306,-94.574891
49013100,46.253513,-94.533339
49013300,46.244186,-94.620303
49013700,46.215918,-94.638908
49014000,45.81072,-94.628266
49032300,45.865132,-94.355023
50000200,43.671556,-92.951046
50000300,43.674031,-92.973272
50001400,43.71132,-92.53982
51001100,44.073859,-95.5637
51001800,44.074577,-95.582723
51002000,43.868144,-95.598726
51002100,43.849867,-95.602014
51002400,43.945721,-95.662921
51003800,44.152238,-95.660728
51004000,44.137034,-95.665321
51004300,44.135077,-95.650479
51004500,44.120091,-95.6625
51004600,44.108909,-95.713395
51005000,43.923046,-95.729639
51005400,43.873872,-95.79994
51006200,44.178402,-95.804714
51006300,44.156776,-95.783978
51006800,43.997692,-95.85366
51007900,44.165426,-95.859411
51008100,43.995921,-95.951399
51008200,44.166119,-95.941674
51008300,44.085047,-96.003843
51008900,44.181597,-95.978549
51008901,44.181597,-95.978549
51008902,44.181597,-95.978549
51010500,43.96454,-95.719422
52001000,44.311205,-94.018548
52002300,44.291769,-94.15112
52003000,44.344665,-94.168237
52003400,44.326133,-94.317718
52003700,44.346188,-94.280824
53000700,43.508061,-95.506136
53001600,43.824188,-95.483541
53002000,43.790131,-95.501297
53002100,43.80857,-95.50341
53002400,43.558614,-95.634496
53002401,43.558614,-95.634496
53002402,43.558614,-95.634496
53002403,43.558614,-95.634496
53002800,43.61022,-95.63447
53003100,43.845632,-95.604279
53004500,43.501832,-95.622611
55000300,44.029119,-92.451227
55000400,44.20991,-92.479056
55002200,43.997372,-92.312867
56003100,46.132592,-95.335722
56006600,46.133341,-95.383944
56006900,46.686753,-95.41426
56007900,46.167446,-95.484887
56011400,46.409822,-95.472285
56011600,46.398073,-95.406872
56011601,46.398073,-95.406872
56011602,46.398073,-95.406872
56012600,46.601233,-95.474732
56013000,46.616349,-95.521747
56013800,46.312157,-95.552982
56014000,46.414476,-95.523092
56014001,46.414476,-95.523092
56014100,46.476154,-95.572855
56014200,46.622699,-95.572062
56016000,46.13788,-95.634593
56017800,46.245486,-95.580541
56019100,46.281749,-95.573321
56019101,46.281749,-95.573321
56019102,46.281749,-95.573321
56019300,46.363226,-95.613182
56020000,46.420256,-95.560098
56020200,46.418262,-95.586012
56020400,46.390341,-95.572405
56020900,46.458272,-95.557483
56021000,46.442396,-95.626448
56021200,46.51165,-95.587212
56021400,46.486787,-95.577171
56022400,46.703576,-95.660016
56022900,46.704463,-95.660214
56023800,46.224013,-95.664695
56023900,46.300324,-95.595721
56024000,46.357408,-95.649371
56024100,46.332005,-95.66643
56024200,46.359079,-95.732921
56024300,46.519802,-95.638732
56024500,46.630006,-95.645287
56025200,46.161024,-95.728035
56025300,46.163095,-95.690574
56029800,46.354329,-95.759977
56030200,46.314322,-95.734947
56030201,46.314322,-95.734947
56030202,46.314322,-95.734947
56030204,46.314322,-95.734947
56030300,46.315291,-95.677329
56030600,46.297036,-95.755947
56031000,46.445285,-95.687348
56031500,46.370836,-95.760222
56032800,46.60125,-95.710313
56033500,46.603949,-95.697657
56035800,46.699247,-95.77945
56036000,46.682045,-95.762736
56036300,46.671101,-95.691272
56036900,46.70097,-95.780284
56037000,46.151887,-95.769275
56037700,46.286624,-95.790177
56037800,46.355099,-95.809733
56037801,46.355099,-95.809733
56037802,46.355099,-95.809733
56037900,46.312151,-95.809301
56038200,46.405275,-95.768181
56038300,46.495242,-95.749042
56038500,46.545509,-95.818396
56038600,46.580491,-95.797875
56038601,46.580491,-95.797875
56038602,46.580491,-95.797875
56038603,46.580491,-95.797875
56038604,46.580491,-95.797875
56038700,46.620142,-95.789356
56038800,46.656631,-95.776643
56039000,46.193181,-95.806044
56039300,46.180839,-95.846993
56040800,46.147593,-95.810076
56042300,46.266775,-95.856823
56043000,46.254748,-95.791491
56043700,46.201229,-95.810364
56044800,46.340223,-95.867136
56044900,46.357762,-95.884125
56047500,46.420809,-95.801965
56047600,46.419754,-95.834718
56048100,46.381443,-95.862262
56050100,46.616765,-95.86676
56051700,46.548184,-95.867262
56051900,46.547669,-95.894352
56052200,46.556065,-95.78666
56052300,46.638224,-95.80537
56053200,46.67535,-95.8778
56053201,46.67535,-95.8778
56053202,46.67535,-95.8778
56055900,46.139511,-95.915116
56056900,46.31234,-95.877751
56056901,46.31234,-95.877751
56056902,46.31234,-95.877751
56057000,46.28877,-95.871653
56061300,46.123152,-95.949492
56065800,46.286266,-95.968009
56068400,46.363985,-95.920941
56069500,46.42711,-95.950115
56071100,46.388626,-95.991189
56071600,46.464279,-95.993905
56072400,46.517691,-95.941007
56072700,46.50249,-95.927894
56072800,46.493205,-95.988305
56074700,46.604982,-95.966756
56074701,46.604982,-95.966756
56074702,46.604982,-95.966756
56074900,46.620079,-95.965774
56075900,46.659753,-95.976323
56076000,46.612376,-96.031718
56076001,46.612376,-96.031718
56076002,46.612376,-96.031718
56078000,46.242151,-96.011432
56078100,46.222188,-95.996817
56078200,46.300283,-96.032418
56078300,46.296611,-96.019857
56078400,46.427214,-96.067146
56078600,46.695681,-96.076034
56082100,46.279266,-96.08426
56082400,46.246714,-96.119864
56082900,46.256068,-96.038104
56087700,46.419544,-96.04074
56091500,46.587643,-96.071829
56093100,46.655231,-96.079453
56094500,46.224623,-96.160645
56096800,46.254749,-96.150048
58000500,46.088739,-92.409939
58000700,46.049921,-92.420497
58002400,46.070044,-92.508574
58002600,46.127822,-92.545058
58002900,46.073298,-92.44481
58003100,46.404636,-92.439579
58004800,46.382165,-92.594164
58005800,46.321075,-92.791298
58006200,46.402812,-92.761639
58006700,46.396709,-92.744546
58007300,46.354512,-92.793312
58008100,46.410059,-92.79863
58010700,46.289672,-92.861287
58011100,46.326727,-92.828183
58011900,45.840558,-92.941894
58012100,46.020769,-92.943548
58012300,46.133947,-93.010958
58013000,46.194841,-93.01142
58013700,46.158396,-93.052937
58013800,46.219661,-93.029598
58014200,45.822367,-93.045676
58019900,45.795935,-93.079677
60001200,47.512036,-95.636259
60001500,47.585831,-95.643273
60002200,47.632907,-95.5847
60002700,47.627171,-95.63668
60002702,47.627171,-95.63668
60003200,47.604814,-95.661717
60006900,47.505438,-95.750901
60014200,47.676083,-95.815108
60018900,47.667691,-96.011011
60020200,47.60799,-96.044344
60021400,47.677771,-96.024508
60021700,47.588143,-96.099398
60030500,47.635389,-96.221301
61000600,45.484333,-95.231835
61002300,45.60171,-95.171414
61002900,45.708619,-95.192545
61003700,45.48915,-95.359345
61004100,45.443045,-95.347267
61004300,45.441036,-95.322441
61006400,45.671686,-95.297329
61006600,45.726491,-95.279561
61006700,45.715866,-95.28114
61007200,45.466738,-95.354243
61007800,45.722612,-95.447953
61010100,45.529767,-95.437559
61010101,45.529767,-95.437559
61011100,45.652849,-95.446668
61012200,45.706877,-95.44816
61013000,45.640672,-95.387523
61014900,45.541475,-95.526896
61016200,45.672101,-95.525837
61018000,45.507679,-95.686761
62000100,45.030145,-92.987502
62000200,45.114852,-93.003934
62001000,45.013231,-93.065174
62001001,45.013231,-93.065174
62001002,45.013231,-93.065174
62001200,44.994152,-93.05937
62005400,44.997306,-93.108145
62005600,45.042218,-93.112051
62005700,45.034999,-93.149012
62006100,45.092859,-93.130797
62006700,45.067044,-93.197363
62006701,45.067044,-93.197363
62006702,45.067044,-93.197363
62007300,45.06855,-93.122099
62007500,45.056391,-93.136324
62007501,45.056391,-93.136324
62007502,45.056391,-93.136324
62007800,45.047382,-93.172739
62008200,45.043574,-93.115119
62008300,45.04308,-93.228366
64005800,44.540329,-95.123626
64015000,44.210178,-95.497944
65000200,44.777988,-94.544778
65000600,44.795238,-94.549325
66000800,44.263262,-93.342028
66001500,44.351077,-93.369098
66001800,44.330461,-93.358807
66002300,44.439441,-93.313223
66002700,44.424993,-93.35912
66002900,44.387096,-93.327373
66003200,44.463292,-93.301876
66003800,44.332026,-93.38281
66003900,44.368604,-93.405992
66004500,44.211727,-93.484497
66004700,44.336904,-93.441281
66005000,44.303475,-93.463941
66005200,44.301355,-93.41959
66005500,44.380993,-93.437452
66006200,44.460362,-93.50313
66007100,44.485636,-93.301049
68000400,48.634115,-95.546915
69000100,47.464591,-91.783884
69000300,47.735524,-91.942214
69000400,47.895904,-91.788021
69000700,47.073192,-91.881489
69001600,47.165191,-91.869595
69002300,47.271389,-91.850752
69002800,47.231753,-91.829287
69003000,47.208159,-91.88679
69003600,47.336213,-91.827618
69004100,47.381164,-91.893964
69004600,47.50281,-91.88971
69004800,47.477898,-91.819271
69005000,47.515212,-91.866724
69005400,47.799118,-91.869606
69005600,47.781086,-91.827059
69005800,47.755832,-91.919527
69005900,47.753173,-91.921679
69006100,47.807051,-91.886649
69006200,47.957569,-91.838445
69006300,47.955322,-91.866133
69006500,47.950419,-91.914608
69006600,47.947087,-91.875915
69006900,47.914726,-91.857074
69007000,47.978858,-91.81537
69007900,48.031904,-91.834662
69008000,48.019882,-91.905239
69008200,48.006814,-91.872905
69008500,47.997507,-91.916619
69009600,48.078954,-91.895742
69011300,47.205753,-91.920603
69011400,47.380128,-91.915852
69011500,47.78358,-91.951696
69011700,47.813581,-91.896829
69011800,47.994439,-91.957015
69012000,47.988418,-91.91408
69012800,47.07018,-91.960738
69012900,47.068559,-91.997104
69014300,47.256415,-91.96261
69014400,47.32305,-91.973292
69015700,47.748284,-92.026471
69016100,47.878027,-92.023796
69016300,47.853577,-91.978721
69016301,47.853577,-91.978721
69016302,47.853577,-91.978721
69016600,47.826395,-92.006666
69016700,47.85804,-92.372165
69017600,48.058419,-91.944032
69018100,47.997455,-91.966588
69018900,47.98087,-91.942028
69019000,48.09175,-91.990639
69019900,48.073904,-91.945771
69021700,47.858774,-92.042735
69023400,46.967123,-92.172978
69024900,47.522277,-92.151842
69025400,47.788744,-92.082363
69025600,47.800003,-92.116382
69026200,47.769123,-92.082147
69026500,47.74549,-92.104962
69027500,47.874468,-92.140096
69027800,47.848325,-92.094568
69028500,47.804667,-92.115881
69028501,47.804667,-92.115881
69028502,47.804667,-92.115881
69028503,47.804667,-92.115881
69028600,47.83281,-92.08811
69032900,48.134634,-92.145649
69037100,46.909888,-92.163792
69037200,47.012471,-92.149626
69037201,47.012471,-92.149626
69037202,47.012471,-92.149626
69037300,47.051639,-92.197852
69037500,47.327877,-92.147358
69037600,47.505014,-92.171802
69037800,47.958107,-92.542275
69037801,47.958107,-92.542275
69037802,47.958107,-92.542275
69037803,47.958107,-92.542275
69039700,46.968408,-92.215969
69039800,46.974389,-92.201618
69041200,47.224514,-92.220681
69041201,47.224514,-92.220681
69041202,47.224514,-92.220681
69041900,47.447348,-92.251097
69042000,47.443624,-92.242876
69042600,47.387133,-92.246105
69042800,47.534244,-92.230236
69042900,47.540507,-92.280698
69043400,47.590115,-92.30353
69043401,47.590115,-92.30353
69043402,47.590115,-92.30353
69045600,48.131084,-92.300397
69046800,48.14866,-92.209882
69048900,46.899149,-92.321615
69049000,46.86543,-92.282997
69049100,46.956795,-92.277445
69049101,46.956795,-92.277445
69049102,46.956795,-92.277445
69049400,47.36958,-92.304854
69049600,47.529784,-92.323469
69051100,46.887013,-92.396418
69052100,47.096838,-92.408249
69052900,47.14658,-92.410186
69053600,47.24831,-92.366622
69054400,47.231794,-92.391775
69055000,47.323854,-92.331237
69055300,47.452665,-92.323789
69055600,47.429685,-92.369099
69056200,47.372616,-92.32137
69056300,47.458675,-92.32107
69058000,47.786907,-92.379219
69058100,47.816812,-92.40376
69058800,48.127215,-92.333646
69058900,48.106711,-92.346763
69061300,47.988547,-92.467554
69061500,48.171454,-92.496399
69061600,48.268775,-92.488377
69062700,47.098276,-92.5353
69064200,47.314955,-92.450167
69064600,47.298395,-92.484187
69065500,47.398465,-92.479523
69066000,47.461101,-92.47505
69066200,47.52421,-92.546096
69066900,47.703449,-92.498393
69067100,47.750259,-92.47364
69068600,47.28764,-92.549992
69069000,48.036617,-92.534965
69069100,48.319864,-92.579549
69069400,48.598751,-93.234284
69069600,46.798068,-92.596896
69072500,47.492726,-92.591507
69073100,47.677515,-92.636008
69073400,47.656153,-92.608479
69074100,47.976239,-92.66022
69074200,48.046417,-92.637553
69074400,47.993726,-92.661455
69074900,48.078009,-92.652901
69075400,48.294658,-92.60999
69076600,46.822784,-92.796844
69077500,47.419099,-92.773543
69078100,47.513373,-92.727227
69078300,47.491543,-92.785761
69079000,47.638789,-92.778158
69079900,47.645828,-92.758426
69080000,47.647834,-92.763009
69080600,48.075556,-92.783482
69081000,48.182774,-92.741302
69084100,48.073958,-92.978316
69084200,48.208711,-92.809435
69084500,48.435517,-92.848105
69084800,46.789087,-92.884647
69085000,46.778717,-92.883947
69085400,46.767812,-92.813536
69085600,47.419534,-92.830751
69085700,47.490618,-92.876362
69085701,47.490618,-92.876362
69085702,47.490618,-92.876362
69085900,47.591816,-92.915916
69085901,47.591816,-92.915916
69085902,47.591816,-92.915916
69086400,48.220275,-92.928412
69088500,47.276989,-93.045645
69088700,47.239718,-93.014796
69088900,47.2311,-93.023994
69091000,47.620116,-92.937275
69091200,47.585522,-92.940788
69091300,47.573617,-93.04424
69093200,47.678615,-93.003789
69093300,47.671927,-93.027096
69093900,47.66989,-93.034446
69093901,47.66989,-93.034446
69093902,47.66989,-93.034446
69093903,47.66989,-93.034446
69098700,47.486729,-92.057567
69099400,47.478901,-92.663399
69129000,47.664085,-93.039047
69129100,46.731885,-92.05619
69130200,47.527155,-92.628129
69130600,47.482991,-92.461024
70002200,44.689468,-93.390087
70002600,44.739394,-93.40769
70005000,44.635814,-93.42026
70005400,44.693473,-93.482283
70006900,44.655998,-93.465415
70007200,44.706193,-93.455213
70009100,44.592164,-93.509663
70009500,44.742743,-93.52387
70009800,44.610875,-93.558325
70012000,44.739453,-93.527334
70012001,44.739453,-93.527334
70012002,44.739453,-93.527334
71001300,45.308509,-93.600452
71001301,45.308509,-93.600452
71001302,45.308509,-93.600452
71001600,45.450947,-93.575537
71002200,45.435831,-93.520893
71004000,45.484681,-93.519526
71005500,45.478047,-93.630878
71005700,45.377718,-93.671831
71006700,45.399489,-93.748955
71006900,45.431052,-93.689628
71008200,45.334043,-93.756306
71012300,45.436551,-93.961135
71014100,45.472173,-93.937494
71014500,45.506598,-93.926329
71014600,45.490658,-93.950134
71014700,45.484502,-93.934635
71015900,45.476765,-94.068638
72001300,44.612361,-93.974724
72001700,44.667028,-93.934011
72002500,44.658771,-94.050939
72003000,44.675798,-94.132386
72004200,44.561832,-94.222835
72004900,44.70979,-94.204191
72005000,44.674165,-94.225958
72005001,44.674165,-94.225958
72006600,44.578432,-94.328198
72006900,44.499265,-94.368446
72008900,44.470933,-94.520544
73000400,45.396941,-94.105972
73001100,45.421177,-94.082966
73001400,45.316331,-94.215587
73002300,45.410579,-94.242563
73003500,45.334792,-94.272853
73003700,45.406038,-94.310377
73003800,45.360178,-94.277836
73005100,45.500221,-94.279455
73005500,45.429047,-94.345121
73007600,45.384641,-94.370039
73010200,45.561209,-94.446007
73010600,45.529754,-94.463582
73011700,45.600184,-94.482028
73011800,45.658906,-94.490267
73012200,45.617478,-94.449604
73012300,45.612262,-94.458914
73012800,45.609598,-94.455567
73013300,45.419053,-94.48651
73013301,45.419053,-94.48651
73013302,45.419053,-94.48651
73013303,45.419053,-94.48651
73013304,45.419053,-94.48651
73013305,45.419053,-94.48651
73013600,45.652263,-94.511021
73013800,45.68746,-94.510327
73013900,45.390766,-94.531372
73014700,45.389865,-94.53443
73015000,45.357122,-94.525544
73015100,45.336088,-94.535897
73015700,45.442772,-94.522653
73015900,45.417874,-94.577665
73017200,45.525187,-94.537951
73018300,45.746182,-94.617533
73019600,45.358794,-94.639774
73019900,45.602457,-94.657054
73020000,45.32568,-94.669556
73020001,45.32568,-94.669556
73020002,45.32568,-94.669556
73020800,45.641541,-94.731037
73021700,45.597332,-94.679133
73022600,45.705247,-94.744189
73023100,45.701213,-94.714362
73023300,45.682276,-94.709722
73024100,45.62653,-94.813245
73024900,45.746169,-94.788209
73025100,45.676449,-94.808419
73025101,45.676449,-94.808419
73025102,45.676449,-94.808419
73027300,45.719226,-94.899271
74000100,44.088393,-93.068176
74001900,44.066564,-93.244072
74002300,43.888897,-93.344812
75001900,45.513124,-95.79274
75002400,45.585792,-95.799658
75004600,45.624656,-95.758624
75007500,45.692405,-95.873208
75009600,45.573545,-95.881548
75020000,45.534268,-96.08381
76003300,45.319709,-95.277825
76005700,45.292396,-95.404492
76007200,45.399378,-95.397057
76008600,45.396691,-95.576557
76014100,45.249112,-96.043709
76014600,45.345254,-96.029312
76014601,45.345254,-96.029312
76014602,45.345254,-96.029312
77000700,45.835564,-94.689801
77000900,45.825399,-94.760926
77001000,45.825881,-94.733656
77001800,45.794226,-94.685731
77001900,45.781242,-94.6561
77002100,45.838907,-94.725789
77002200,45.929044,-94.705398
77002300,45.866199,-94.747108
77002400,45.905829,-94.725922
77002500,45.9107,-94.645109
77002600,45.883752,-94.685325
77002700,45.898986,-94.725475
77002900,45.86925,-94.704124
77003200,45.861457,-94.746584
77003400,45.930625,-94.684453
77003500,46.001199,-94.698179
77004600,46.079623,-94.761556
77005000,46.034495,-94.748973
77006100,46.136491,-94.745717
77006300,46.135783,-94.678798
77006600,46.112998,-94.7423
77006700,46.120712,-94.710242
77006800,46.191291,-94.711802
77008400,45.795095,-94.750631
77008401,45.795095,-94.750631
77008402,45.795095,-94.750631
77008800,46.193234,-94.769369
77008900,45.792927,-94.796316
77010500,45.92545,-94.847004
77012000,45.956777,-94.86136
77012800,46.122231,-94.82482
77013800,46.353734,-94.849511
77014900,45.803107,-94.89579
77014901,45.803107,-94.89579
77014902,45.803107,-94.89579
77015000,45.739794,-94.957832
77015001,45.739794,-94.957832
77015002,45.739794,-94.957832
77015400,45.786768,-94.981044
77016000,45.849984,-94.929549
77016400,45.862947,-94.97396
77018100,45.914284,-94.99436
77018200,45.831022,-95.037635
77021500,45.931276,-95.099573
78002400,45.818201,-96.575946
78002500,45.61499,-96.845419
79000100,44.252656,-91.918848
79000101,44.252656,-91.918848
79000102,44.252656,-91.918848
79000103,44.252656,-91.918848
79000104,44.252656,-91.918848
79000500,44.351908,-91.983387
79000501,44.351908,-91.983387
79000502,44.351908,-91.983387
79001100,44.237902,-91.940288
80001200,46.588871,-94.847709
80001500,46.784936,-94.826694
80002200,46.70266,-94.965745
80003000,46.803071,-95.034018
80003400,46.795205,-95.070401
80003700,46.75819,-95.061958
80003900,46.752295,-95.099128
80005000,46.765887,-94.836422
81000300,43.905112,-93.417819
81001300,44.107335,-93.443144
81001400,44.081055,-93.479175
81001401,44.081055,-93.479175
81001402,44.081055,-93.479175
81001500,44.079176,-93.52038
81001600,44.069776,-93.445511
81005500,44.184032,-93.619799
81006700,44.196136,-93.647241
81007600,43.967514,-93.67417
81008300,44.065503,-93.737544
81009500,44.145921,-93.709246
81009501,44.145921,-93.709246
81009502,44.145921,-93.709246
82002300,45.046343,-92.820475
82004600,45.152655,-92.796362
82004900,45.130864,-92.818126
82005200,45.204078,-92.869868
82005201,45.204078,-92.869868
82005202,45.204078,-92.869868
82005203,45.204078,-92.869868
82005204,45.204078,-92.869868
82005205,45.204078,-92.869868
82005400,45.293325,-92.865901
82005900,45.267275,-92.813317
82009100,44.942739,-92.974197
82010100,45.025665,-92.948565
82010400,45.013084,-92.919351
82010600,44.987067,-92.885455
82011500,44.952382,-92.979629
82014000,45.171506,-92.973333
82015900,45.268089,-92.912379
82016300,45.263003,-93.010572
82016700,45.095112,-92.99622
83002100,44.081329,-94.388486
83003600,43.919825,-94.702144
83004000,43.906357,-94.6768
83004300,43.974702,-94.640417
83005100,43.926395,-94.837386
83005600,43.962684,-94.808721
83006000,44.093781,-94.755164
84002300,46.256112,-96.537471
85000200,44.042244,-91.605113
85000201,44.042244,-91.605113
85000202,44.042244,-91.605113
85000203,44.042244,-91.605113
85000204,44.042244,-91.605113
85000205,44.042244,-91.605113
85001100,44.037791,-91.628721
85001101,44.037791,-91.628721
85001102,44.037791,-91.628721
85001200,44.070467,-91.723615
85001300,44.158082,-91.809232
85001301,44.158082,-91.809232
85001302,44.158082,-91.809232
85001303,44.158082,-91.809232
85001304,44.158082,-91.809232
85001305,44.158082,-91.809232
85001306,44.158082,-91.809232
85001307,44.158082,-91.809232
85001900,44.183846,-91.996438
85003300,44.075012,-91.699051
86000900,45.138781,-93.741281
86001100,45.159634,-93.745541
86002300,45.179042,-93.74657
86003100,45.209883,-93.786248
86004100,45.120188,-93.8277
86004600,45.098271,-93.858403
86005100,45.221579,-93.868056
86005300,45.191347,-93.866115
86005301,45.191347,-93.866115
86005302,45.191347,-93.866115
86006300,45.16337,-93.787347
86006600,45.293089,-93.879435
86008600,45.051755,-93.884237
86009000,45.151911,-93.888719
86010600,45.072037,-93.987542
86010700,45.139462,-93.908717
86011400,45.070416,-93.968375
86011900,45.225077,-93.940849
86012000,45.204052,-93.991869
86012001,45.204052,-93.991869
86012002,45.204052,-93.991869
86013400,45.226396,-93.978337
86013401,45.226396,-93.978337
86013402,45.226396,-93.978337
86013403,45.226396,-93.978337
86013900,45.31983,-93.958705
86013901,45.31983,-93.958705
86013902,45.31983,-93.958705
86014600,45.300302,-93.901063
86014700,45.288033,-93.906935
86014800,45.286677,-93.907659
86015200,45.287964,-93.998618
86015600,45.255883,-93.997685
86016300,45.338777,-93.998807
86016800,45.363635,-93.956722
86017400,45.335075,-93.931448
86017800,44.995323,-94.001951
86018000,45.075691,-94.013256
86018200,45.172969,-94.009489
86018300,45.386717,-94.014324
86018400,45.047414,-94.054007
86018800,45.022084,-94.022774
86019000,45.022439,-94.051214
86019900,45.06519,-94.070836
86021400,45.193671,-94.032165
86021700,45.180477,-94.118797
86022100,45.166249,-94.093924
86022300,45.306077,-94.024141
86022700,45.282429,-94.068944
86022900,45.26841,-94.032481
86023300,45.328968,-94.018474
86023400,45.319464,-94.106807
86023800,45.360247,-94.05616
86025000,45.075949,-94.11514
86025100,45.268044,-94.127351
86025200,45.321752,-94.147069
86025201,45.321752,-94.147069
86025202,45.321752,-94.147069
86025500,44.987174,-94.206225
86026300,45.110446,-94.158255
86026400,45.087205,-94.197332
86026600,45.150346,-94.147078
86027100,45.223924,-94.233152
86027300,45.212096,-94.171418
86027900,45.239033,-94.223673
86028800,45.25036,-94.16852
86029300,45.062701,-94.261908
86029800,45.250631,-94.259618
87001600,44.577184,-95.482156
87001700,44.5423,-95.540863
87001900,44.614834,-95.525013
87003000,44.695124,-95.524648
87006000,44.670971,-95.780751
87006001,44.670971,-95.780751
87006002,44.670971,-95.780751
87018000,44.695771,-96.295787
87018100,44.642638,-96.227805
87018500,44.68876,-96.299666
