year,month,max_temp,min_temp,daily_avg,precipitation,snow,snow_depth,low_freezing,high_freezing,avg_freezing
1970,1,14.580645161290322,-3.5161290322580645,5.532258064516129,0.015161290322580645,0.31612903225806455,18.70967741935484,31,27,30
1970,2,25.821428571428573,4.857142857142857,15.339285714285714,0.005714285714285714,0.15357142857142855,13.785714285714286,28,17,27
1970,3,33.61290322580645,18.387096774193548,26.0,0.0661290322580645,0.27741935483870966,4.774193548387097,31,13,25
1970,4,55.766666666666666,36.4,46.083333333333336,0.11833333333333333,0.043333333333333335,0.0,7,0,3
1970,5,68.06451612903226,48.806451612903224,58.435483870967744,0.15387096774193548,0.0,0.0,0,0,0
1970,6,81.36666666666666,61.03333333333333,71.2,0.042333333333333334,0.0,0.0,0,0,0
1970,7,86.25806451612904,64.06451612903226,75.16129032258064,0.11806451612903227,0.0,0.0,0,0,0
1970,8,82.54838709677419,61.25806451612903,71.90322580645162,0.0706451612903226,0.0,0.0,0,0,0
1970,9,71.13333333333334,51.2,61.166666666666664,0.10633333333333334,0.0,0.0,0,0,0
1970,10,58.12903225806452,41.064516129032256,49.596774193548384,0.16032258064516128,0.0,0.0,3,0,0
1970,11,39.53333333333333,25.866666666666667,32.7,0.12733333333333335,0.21,0.5,18,3,9
1970,12,26.451612903225808,9.935483870967742,18.193548387096776,0.013870967741935485,0.1774193548387097,1.7096774193548387,31,22,27
1971,1,14.709677419354838,-1.7096774193548387,6.5,0.03935483870967742,0.6419354838709677,7.870967741935484,31,29,31
1971,2,25.035714285714285,9.035714285714286,17.035714285714285,0.062142857142857146,0.49642857142857144,13.0,27,18,24
1971,3,35.193548387096776,20.838709677419356,28.016129032258064,0.03903225806451613,0.22580645161290322,3.870967741935484,27,11,20
1971,4,58.9,35.03333333333333,46.96666666666667,0.037,0.06333333333333332,0.06666666666666667,9,1,2
1971,5,67.03225806451613,43.774193548387096,55.403225806451616,0.10129032258064515,0.0064516129032258064,0.0,0,0,0
1971,6,81.3,61.666666666666664,71.48333333333333,0.11733333333333332,0.0,0.0,0,0,0
1971,7,79.80645161290323,57.774193548387096,68.79032258064517,0.1270967741935484,0.0,0.0,0,0,0
1971,8,81.58064516129032,57.45161290322581,69.51612903225806,0.05741935483870967,0.0,0.0,0,0,0
1971,9,73.33333333333333,52.266666666666666,62.8,0.091,0.0,0.0,0,0,0
1971,10,60.32258064516129,42.516129032258064,51.41935483870968,0.18322580645161293,0.0,0.0,2,0,0
1971,11,39.233333333333334,26.2,32.71666666666667,0.089,0.44666666666666666,1.2666666666666666,23,9,15
1971,12,25.612903225806452,11.129032258064516,18.370967741935484,0.022580645161290325,0.4129032258064516,5.838709677419355,30,22,29
1972,1,15.0,-4.0,5.5,0.027096774193548386,0.39354838709677414,9.806451612903226,31,25,31
1972,2,19.75862068965517,1.1379310344827587,10.448275862068966,0.01689655172413793,0.26206896551724135,14.379310344827585,29,24,29
1972,3,34.54838709677419,18.35483870967742,26.451612903225808,0.04032258064516129,0.33548387096774196,6.967741935483871,26,8,19
1972,4,50.93333333333333,32.86666666666667,41.9,0.05633333333333333,0.26666666666666666,0.06666666666666667,11,0,4
1972,5,72.16129032258064,50.32258064516129,61.24193548387097,0.07032258064516128,0.0,0.0,0,0,0
1972,6,78.33333333333333,53.733333333333334,66.03333333333333,0.11033333333333334,0.0,0.0,0,0,0
1972,7,77.93548387096774,59.03225806451613,68.48387096774194,0.16516129032258065,0.0,0.0,0,0,0
1972,8,79.2258064516129,60.38709677419355,69.80645161290323,0.08,0.0,0.0,0,0,0
1972,9,68.13333333333334,47.666666666666664,57.9,0.06533333333333333,0.0,0.0,1,0,0
1972,10,52.54838709677419,34.903225806451616,43.725806451612904,0.05709677419354839,0.0,0.0,12,0,4
1972,11,37.333333333333336,27.133333333333333,32.233333333333334,0.037000000000000005,0.03666666666666667,0.0,21,7,14
1972,12,18.483870967741936,3.967741935483871,11.225806451612904,0.05064516129032258,0.49354838709677423,3.225806451612903,31,27,30
1973,1,25.967741935483872,8.67741935483871,17.322580645161292,0.029677419354838707,0.3741935483870968,5.774193548387097,30,18,26
1973,2,28.892857142857142,14.214285714285714,21.553571428571427,0.03,0.4035714285714286,6.071428571428571,26,16,26
1973,3,47.064516129032256,33.25806451612903,40.16129032258065,0.03612903225806452,0.012903225806451613,0.41935483870967744,11,0,0
1973,4,53.6,35.1,44.35,0.07733333333333334,0.06666666666666667,0.1,12,1,2
1973,5,65.38709677419355,45.03225806451613,55.20967741935484,0.08,0.0,0.0,0,0,0
1973,6,81.03333333333333,58.03333333333333,69.53333333333333,0.035333333333333335,0.0,0.0,0,0,0
1973,7,83.90322580645162,63.61290322580645,73.75806451612904,0.09354838709677421,0.0,0.0,0,0,0
1973,8,82.41935483870968,64.38709677419355,73.40322580645162,0.09838709677419354,0.0,0.0,0,0,0
1973,9,68.8,51.333333333333336,60.06666666666667,0.06933333333333333,0.0,0.0,0,0,0
1973,10,63.32258064516129,44.29032258064516,53.806451612903224,0.04161290322580645,0.0,0.0,1,0,0
1973,11,42.0,26.5,34.25,0.06566666666666666,0.0033333333333333335,0.0,21,3,11
1973,12,23.096774193548388,10.225806451612904,16.661290322580644,0.035483870967741936,0.5774193548387097,4.032258064516129,30,23,29
1974,1,20.70967741935484,3.129032258064516,11.919354838709678,0.005483870967741936,0.08064516129032258,7.354838709677419,30,19,27
1974,2,26.285714285714285,7.392857142857143,16.839285714285715,0.03785714285714286,0.5607142857142857,10.178571428571429,28,18,27
1974,3,37.74193548387097,21.322580645161292,29.532258064516128,0.03225806451612903,0.24838709677419354,0.8387096774193549,30,6,14
1974,4,57.36666666666667,36.766666666666666,47.06666666666667,0.08066666666666666,0.24333333333333332,0.5,10,0,0
1974,5,64.2258064516129,44.54838709677419,54.38709677419355,0.06709677419354838,0.0,0.0,1,0,0
1974,6,76.33333333333333,54.733333333333334,65.53333333333333,0.17366666666666666,0.0,0.0,0,0,0
1974,7,87.74193548387096,65.51612903225806,76.62903225806451,0.0367741935483871,0.0,0.0,0,0,0
1974,8,77.64516129032258,57.03225806451613,67.33870967741936,0.08870967741935484,0.0,0.0,0,0,0
1974,9,67.2,43.4,55.3,0.019333333333333334,0.0,0.0,2,0,0
1974,10,60.58064516129032,38.903225806451616,49.74193548387097,0.05451612903225806,0.0,0.0,6,0,0
1974,11,40.333333333333336,27.0,33.666666666666664,0.022000000000000002,0.04,0.03333333333333333,23,6,13
1974,12,30.903225806451612,17.806451612903224,24.35483870967742,0.01129032258064516,0.19677419354838713,0.967741935483871,28,14,27
1975,1,23.29032258064516,5.612903225806452,14.451612903225806,0.09096774193548386,0.8838709677419354,9.03225806451613,30,25,30
1975,2,23.107142857142858,7.928571428571429,15.517857142857142,0.028214285714285713,0.32142857142857145,16.0,28,23,28
1975,3,29.64516129032258,14.516129032258064,22.080645161290324,0.053870967741935484,0.5903225806451613,11.935483870967742,30,18,24
1975,4,45.56666666666667,32.233333333333334,38.9,0.18000000000000002,0.07333333333333333,2.566666666666667,14,3,5
1975,5,71.70967741935483,50.03225806451613,60.87096774193548,0.12290322580645162,0.0,0.0,0,0,0
1975,6,77.63333333333334,59.93333333333333,68.78333333333333,0.26633333333333337,0.0,0.0,0,0,0
1975,7,86.93548387096774,65.58064516129032,76.25806451612904,0.01870967741935484,0.0,0.0,0,0,0
1975,8,81.06451612903226,62.32258064516129,71.69354838709677,0.15870967741935485,0.0,0.0,0,0,0
1975,9,67.83333333333333,47.53333333333333,57.68333333333333,0.043666666666666666,0.0,0.0,0,0,0
1975,10,64.7741935483871,40.774193548387096,52.774193548387096,0.00870967741935484,0.0,0.0,5,0,0
1975,11,46.9,27.966666666666665,37.43333333333333,0.16,0.5399999999999999,1.4666666666666666,15,8,10
1975,12,28.129032258064516,14.483870967741936,21.306451612903224,0.025483870967741937,0.18064516129032257,2.5483870967741935,30,20,27
1976,1,21.677419354838708,1.4516129032258065,11.564516129032258,0.028064516129032258,0.41290322580645156,8.129032258064516,31,22,31
1976,2,36.58620689655172,18.896551724137932,27.74137931034483,0.020344827586206895,0.17586206896551723,3.6551724137931036,25,6,14
1976,3,41.12903225806452,21.677419354838708,31.403225806451612,0.09129032258064516,0.43870967741935485,2.5806451612903225,22,10,17
1976,4,63.93333333333333,39.666666666666664,51.8,0.026666666666666665,0.0,0.0,5,0,0
1976,5,70.87096774193549,46.83870967741935,58.854838709677416,0.0364516129032258,0.03870967741935484,0.0,0,0,0
1976,6,83.73333333333333,59.666666666666664,71.7,0.12866666666666668,0.0,0.0,0,0,0
1976,7,88.19354838709677,63.96774193548387,76.08064516129032,0.07903225806451614,0.0,0.0,0,0,0
1976,8,85.35483870967742,61.193548387096776,73.2741935483871,0.04483870967741936,0.0,0.0,0,0,0
1976,9,74.26666666666667,49.233333333333334,61.75,0.04733333333333333,0.0,0.0,0,0,0
1976,10,55.16129032258065,34.0,44.58064516129032,0.015806451612903224,0.07419354838709677,0.0,13,0,2
1976,11,37.46666666666667,19.1,28.283333333333335,0.005333333333333333,0.04666666666666666,0.0,28,9,17
1976,12,23.580645161290324,3.4838709677419355,13.53225806451613,0.016451612903225808,0.267741935483871,1.6774193548387097,31,24,27
1977,1,10.32258064516129,-9.774193548387096,0.27419354838709675,0.020967741935483872,0.432258064516129,7.32258064516129,31,30,31
1977,2,31.535714285714285,13.892857142857142,22.714285714285715,0.03321428571428571,0.0642857142857143,3.392857142857143,26,15,20
1977,3,45.74193548387097,29.322580645161292,37.53225806451613,0.08580645161290323,0.4709677419354839,1.7419354838709677,20,2,9
1977,4,64.16666666666667,41.8,52.983333333333334,0.06133333333333334,0.060000000000000005,0.0,7,0,1
1977,5,78.64516129032258,55.16129032258065,66.90322580645162,0.09225806451612904,0.0,0.0,0,0,0
1977,6,78.26666666666667,58.5,68.38333333333334,0.11900000000000001,0.0,0.0,0,0,0
1977,7,84.93548387096774,64.6774193548387,74.80645161290323,0.12000000000000001,0.0,0.0,0,0,0
1977,8,76.64516129032258,55.61290322580645,66.12903225806451,0.3003225806451613,0.0,0.0,0,0,0
1977,9,69.0,52.03333333333333,60.516666666666666,0.14766666666666667,0.0,0.0,0,0,0
1977,10,57.16129032258065,37.0,47.08064516129032,0.07548387096774194,0.0967741935483871,0.0,2,0,0
1977,11,38.93333333333333,22.733333333333334,30.833333333333332,0.04733333333333333,0.38999999999999996,1.5333333333333334,23,8,14
1977,12,20.870967741935484,7.935483870967742,14.403225806451612,0.037096774193548385,0.45806451612903226,3.5483870967741935,29,25,28
1978,1,14.35483870967742,-3.3870967741935485,5.483870967741935,0.012258064516129033,0.21935483870967742,6.225806451612903,31,31,31
1978,2,20.714285714285715,2.4642857142857144,11.589285714285714,0.008571428571428572,0.16428571428571428,7.285714285714286,28,26,28
1978,3,39.16129032258065,20.70967741935484,29.93548387096774,0.025483870967741937,0.27419354838709675,5.290322580645161,23,7,16
1978,4,54.1,36.3,45.2,0.121,0.06333333333333332,0.0,4,0,0
1978,5,72.90322580645162,50.67741935483871,61.79032258064516,0.12225806451612903,0.0,0.0,1,0,0
1978,6,78.2,57.4,67.8,0.23633333333333334,0.0,0.0,0,0,0
1978,7,80.38709677419355,61.83870967741935,71.11290322580645,0.10290322580645161,0.0,0.0,0,0,0
1978,8,83.16129032258064,61.16129032258065,72.16129032258064,0.18612903225806451,0.0,0.0,0,0,0
1978,9,78.2,56.36666666666667,67.28333333333333,0.08233333333333334,0.0,0.0,0,0,0
1978,10,60.064516129032256,39.516129032258064,49.79032258064516,0.006129032258064516,0.0,0.0,5,0,0
1978,11,40.93333333333333,24.0,32.46666666666667,0.06133333333333334,0.55,3.0,21,11,15
1978,12,23.516129032258064,6.774193548387097,15.14516129032258,0.02838709677419355,0.4870967741935484,9.838709677419354,31,22,30
1979,1,11.35483870967742,-5.0,3.1774193548387095,0.03516129032258065,0.45806451612903226,14.419354838709678,31,31,31
1979,2,19.25,0.6785714285714286,9.964285714285714,0.04964285714285715,0.48214285714285715,20.892857142857142,28,21,28
1979,3,35.58064516129032,22.096774193548388,28.838709677419356,0.08225806451612902,0.2709677419354839,12.03225806451613,22,5,18
1979,4,53.2,34.733333333333334,43.96666666666667,0.022000000000000002,0.02333333333333333,0.03333333333333333,9,0,3
1979,5,66.7741935483871,44.16129032258065,55.46774193548387,0.14677419354838708,0.0,0.0,1,0,0
1979,6,77.96666666666667,56.56666666666667,67.26666666666667,0.15933333333333335,0.0,0.0,0,0,0
1979,7,83.54838709677419,63.645161290322584,73.59677419354838,0.07548387096774194,0.0,0.0,0,0,0
1979,8,78.48387096774194,61.16129032258065,69.8225806451613,0.2270967741935484,0.0,0.0,0,0,0
1979,9,74.26666666666667,52.46666666666667,63.36666666666667,0.07333333333333333,0.0,0.0,0,0,0
1979,10,56.16129032258065,37.0,46.58064516129032,0.10193548387096775,0.0,0.0,10,0,0
1979,11,39.0,24.4,31.7,0.03266666666666666,0.25666666666666665,0.36666666666666664,24,7,17
1979,12,34.16129032258065,17.741935483870968,25.951612903225808,0.01064516129032258,0.054838709677419356,0.0,31,11,24
1980,1,23.548387096774192,6.967741935483871,15.258064516129032,0.03032258064516129,0.4161290322580645,2.3548387096774195,30,21,28
1980,2,23.448275862068964,7.068965517241379,15.258620689655173,0.023103448275862068,0.303448275862069,4.241379310344827,27,23,26
1980,3,36.354838709677416,18.06451612903226,27.20967741935484,0.03612903225806452,0.4419354838709677,1.8709677419354838,28,8,20
1980,4,61.03333333333333,37.4,49.21666666666667,0.02766666666666667,0.2833333333333333,0.5,10,0,2
1980,5,73.83870967741936,49.16129032258065,61.5,0.07387096774193548,0.0,0.0,1,0,0
1980,6,78.66666666666667,56.53333333333333,67.6,0.184,0.0,0.0,0,0,0
1980,7,87.09677419354838,63.225806451612904,75.16129032258064,0.07419354838709677,0.0,0.0,0,0,0
1980,8,80.3225806451613,60.96774193548387,70.64516129032258,0.10516129032258063,0.0,0.0,0,0,0
1980,9,69.16666666666667,49.8,59.483333333333334,0.12266666666666667,0.0,0.0,1,0,0
1980,10,54.16129032258065,36.0,45.08064516129032,0.02129032258064516,0.0,0.0,7,0,1
1980,11,45.53333333333333,27.666666666666668,36.6,0.008666666666666666,0.030000000000000002,0.0,20,2,7
1980,12,27.35483870967742,12.193548387096774,19.774193548387096,0.007741935483870969,0.09032258064516129,0.25806451612903225,29,21,25
1981,1,28.451612903225808,7.483870967741935,17.967741935483872,0.00967741935483871,0.14838709677419354,0.3548387096774194,30,18,28
1981,2,32.07142857142857,14.571428571428571,23.321428571428573,0.07642857142857143,0.39285714285714285,2.6785714285714284,20,12,17
1981,3,48.61290322580645,26.838709677419356,37.725806451612904,0.022903225806451617,0.0032258064516129032,0.0,21,2,8
1981,4,59.5,38.56666666666667,49.03333333333333,0.07233333333333333,0.056666666666666664,0.06666666666666667,5,0,0
1981,5,67.87096774193549,46.16129032258065,57.016129032258064,0.0703225806451613,0.0,0.0,1,0,0
1981,6,77.23333333333333,56.833333333333336,67.03333333333333,0.14733333333333334,0.0,0.0,0,0,0
1981,7,80.38709677419355,61.25806451612903,70.8225806451613,0.13193548387096773,0.0,0.0,0,0,0
1981,8,77.80645161290323,60.83870967741935,69.3225806451613,0.15258064516129033,0.0,0.0,0,0,0
1981,9,70.96666666666667,49.03333333333333,60.0,0.048666666666666664,0.0,0.0,0,0,0
1981,10,55.774193548387096,37.45161290322581,46.61290322580645,0.0867741935483871,0.02903225806451613,0.0,10,0,2
1981,11,46.93333333333333,29.033333333333335,37.983333333333334,0.07200000000000001,0.4666666666666667,2.2666666666666666,21,3,11
1981,12,25.096774193548388,9.935483870967742,17.516129032258064,0.02967741935483871,0.3419354838709678,4.838709677419355,31,22,27
1982,1,11.451612903225806,-6.870967741935484,2.2903225806451615,0.07903225806451614,1.4967741935483871,14.806451612903226,31,30,31
1982,2,24.178571428571427,7.357142857142857,15.767857142857142,0.015357142857142857,0.2642857142857143,15.928571428571429,27,15,22
1982,3,35.74193548387097,22.193548387096776,28.967741935483872,0.06741935483870967,0.35161290322580646,7.741935483870968,24,10,14
1982,4,54.3,33.333333333333336,43.81666666666667,0.054000000000000006,0.16,0.06666666666666667,13,2,6
1982,5,72.0,52.87096774193548,62.435483870967744,0.16096774193548388,0.0,0.0,0,0,0
1982,6,75.03333333333333,52.333333333333336,63.68333333333333,0.048,0.0,0.0,0,0,0
1982,7,86.54838709677419,64.64516129032258,75.59677419354838,0.029677419354838707,0.0,0.0,0,0,0
1982,8,82.35483870967742,61.12903225806452,71.74193548387096,0.12258064516129032,0.0,0.0,0,0,0
1982,9,69.6,52.2,60.9,0.05,0.0,0.0,0,0,0
1982,10,58.903225806451616,41.67741935483871,50.29032258064516,0.11129032258064517,0.04516129032258064,0.0,3,0,0
1982,11,38.93333333333333,24.033333333333335,31.483333333333334,0.109,0.12000000000000001,0.1,20,5,15
1982,12,33.193548387096776,18.06451612903226,25.629032258064516,0.13774193548387098,0.6225806451612903,2.032258064516129,27,12,22
1983,1,27.0,12.129032258064516,19.56451612903226,0.021612903225806453,0.1032258064516129,8.774193548387096,31,23,30
1983,2,32.107142857142854,21.642857142857142,26.875,0.0425,0.38571428571428573,9.785714285714286,19,10,15
1983,3,40.483870967741936,27.870967741935484,34.17741935483871,0.10387096774193548,0.4612903225806451,1.096774193548387,21,3,13
1983,4,50.9,33.56666666666667,42.233333333333334,0.13233333333333333,0.7266666666666666,1.2666666666666666,11,0,2
1983,5,64.83870967741936,44.38709677419355,54.61290322580645,0.2,0.0,0.0,0,0,0
1983,6,78.0,57.93333333333333,67.96666666666667,0.174,0.0,0.0,0,0,0
1983,7,87.03225806451613,67.35483870967742,77.19354838709677,0.09903225806451613,0.0,0.0,0,0,0
1983,8,87.0,66.45161290322581,76.7258064516129,0.10064516129032258,0.0,0.0,0,0,0
1983,9,71.63333333333334,53.63333333333333,62.63333333333333,0.11133333333333333,0.0,0.0,1,0,0
1983,10,56.41935483870968,40.32258064516129,48.37096774193548,0.08419354838709676,0.0,0.0,5,0,0
1983,11,39.03333333333333,28.966666666666665,34.0,0.16433333333333333,1.0133333333333334,2.6666666666666665,18,10,12
1983,12,11.096774193548388,-3.774193548387097,3.661290322580645,0.04935483870967742,0.6774193548387096,15.064516129032258,31,31,31
1984,1,20.06451612903226,3.806451612903226,11.935483870967742,0.02838709677419355,0.34838709677419355,15.709677419354838,31,24,30
1984,2,33.758620689655174,21.103448275862068,27.43103448275862,0.05655172413793103,0.3206896551724138,9.0,21,7,16
1984,3,32.806451612903224,16.774193548387096,24.79032258064516,0.047419354838709675,0.5580645161290323,4.193548387096774,31,13,20
1984,4,56.93333333333333,37.3,47.11666666666667,0.12866666666666665,0.3266666666666666,0.13333333333333333,5,0,0
1984,5,66.25806451612904,45.74193548387097,56.0,0.07387096774193548,0.0,0.06451612903225806,0,0,0
1984,6,78.83333333333333,60.6,69.71666666666667,0.265,0.0,0.0,0,0,0
1984,7,82.58064516129032,61.83870967741935,72.20967741935483,0.09774193548387097,0.0,0.0,0,0,0
1984,8,82.6774193548387,64.16129032258064,73.41935483870968,0.16612903225806452,0.0,0.0,0,0,0
1984,9,67.16666666666667,47.166666666666664,57.166666666666664,0.08833333333333333,0.0,0.0,2,0,0
1984,10,58.645161290322584,42.806451612903224,50.725806451612904,0.17677419354838708,0.00967741935483871,0.0,5,0,0
1984,11,41.6,25.033333333333335,33.31666666666667,0.010333333333333333,0.06666666666666667,0.1,22,5,14
1984,12,26.225806451612904,9.64516129032258,17.93548387096774,0.07225806451612903,0.5258064516129033,2.161290322580645,31,20,26
1985,1,20.322580645161292,-0.12903225806451613,10.096774193548388,0.028064516129032258,0.4225806451612903,5.129032258064516,31,26,31
1985,2,24.928571428571427,7.964285714285714,16.446428571428573,0.017857142857142856,0.15,6.071428571428571,27,15,23
1985,3,43.806451612903224,27.387096774193548,35.596774193548384,0.14451612903225808,1.1870967741935483,3.225806451612903,21,4,6
1985,4,63.1,41.0,52.05,0.060333333333333336,0.0,0.5,6,0,1
1985,5,72.7741935483871,51.58064516129032,62.17741935483871,0.11774193548387096,0.0,0.0,0,0,0
1985,6,74.2,53.6,63.9,0.07266666666666667,0.0,0.0,0,0,0
1985,7,85.19354838709677,62.58064516129032,73.88709677419355,0.07096774193548386,0.0,0.0,0,0,0
1985,8,76.41935483870968,58.83870967741935,67.62903225806451,0.16193548387096773,0.0,0.0,0,0,0
1985,9,68.5,51.333333333333336,59.916666666666664,0.14566666666666667,0.013333333333333334,0.0,0,0,0
1985,10,57.32258064516129,37.74193548387097,47.53225806451613,0.11806451612903227,0.0,0.0,4,0,0
1985,11,32.266666666666666,17.266666666666666,24.766666666666666,0.05733333333333333,0.7966666666666666,1.4666666666666666,26,13,18
1985,12,17.193548387096776,-1.8709677419354838,7.661290322580645,0.03870967741935484,0.43548387096774194,12.64516129032258,31,28,30
1986,1,24.774193548387096,10.193548387096774,17.483870967741936,0.02903225806451613,0.33225806451612905,10.451612903225806,31,19,27
1986,2,22.571428571428573,8.678571428571429,15.625,0.030000000000000002,0.43928571428571433,15.107142857142858,28,25,28
1986,3,42.83870967741935,24.93548387096774,33.88709677419355,0.06548387096774193,0.28064516129032263,6.935483870967742,20,4,10
1986,4,59.1,40.1,49.6,0.196,0.013333333333333334,0.0,2,0,0
1986,5,69.61290322580645,49.193548387096776,59.403225806451616,0.11225806451612903,0.0,0.0,0,0,0
1986,6,79.03333333333333,58.233333333333334,68.63333333333334,0.178,0.0,0.0,0,0,0
1986,7,82.61290322580645,65.16129032258064,73.88709677419355,0.13258064516129034,0.0,0.0,0,0,0
1986,8,76.93548387096774,57.16129032258065,67.04838709677419,0.14322580645161292,0.0,0.0,0,0,0
1986,9,67.83333333333333,51.8,59.81666666666667,0.22999999999999998,0.0,0.0,0,0,0
1986,10,58.38709677419355,40.03225806451613,49.20967741935484,0.05709677419354839,0.0,0.0,0,0,0
1986,11,37.1,19.266666666666666,28.183333333333334,0.020666666666666667,0.14666666666666667,0.8,28,8,17
1986,12,31.322580645161292,18.06451612903226,24.693548387096776,0.01,0.13548387096774195,0.41935483870967744,31,10,28
1987,1,29.032258064516128,13.419354838709678,21.225806451612904,0.020322580645161285,0.1774193548387097,0.5806451612903226,31,19,25
1987,2,41.07142857142857,22.142857142857142,31.607142857142858,0.004642857142857143,0.04285714285714286,0.2857142857142857,27,3,12
1987,3,47.67741935483871,29.580645161290324,38.62903225806452,0.02064516129032258,0.06774193548387097,0.16129032258064516,18,2,8
1987,4,66.93333333333334,40.13333333333333,53.53333333333333,0.005333333333333333,0.0,0.0,6,0,1
1987,5,74.61290322580645,52.25806451612903,63.435483870967744,0.06064516129032258,0.0,0.0,0,0,0
1987,6,84.53333333333333,61.0,72.76666666666667,0.065,0.0,0.0,0,0,0
1987,7,85.7741935483871,66.2258064516129,76.0,0.5774193548387097,0.0,0.0,0,0,0
1987,8,77.2258064516129,60.67741935483871,68.95161290322581,0.11838709677419355,0.0,0.0,0,0,0
1987,9,72.8,52.06666666666667,62.43333333333333,0.042666666666666665,0.0,0.0,0,0,0
1987,10,54.064516129032256,35.03225806451613,44.54838709677419,0.01935483870967742,0.00967741935483871,0.0,9,0,0
1987,11,45.766666666666666,29.966666666666665,37.86666666666667,0.069,0.15,0.06666666666666667,20,2,10
1987,12,31.06451612903226,18.806451612903224,24.93548387096774,0.04032258064516129,0.24193548387096775,1.8064516129032258,28,17,25
1988,1,19.70967741935484,1.064516129032258,10.387096774193548,0.04419354838709678,0.6290322580645161,6.483870967741935,31,23,28
1988,2,22.586206896551722,5.103448275862069,13.844827586206897,0.010344827586206896,0.15517241379310345,5.620689655172414,29,19,26
1988,3,42.354838709677416,25.06451612903226,33.70967741935484,0.04290322580645162,0.11935483870967742,0.22580645161290322,23,4,13
1988,4,59.2,35.56666666666667,47.38333333333333,0.05266666666666667,0.08000000000000002,0.0,11,0,0
1988,5,78.25806451612904,52.483870967741936,65.37096774193549,0.054838709677419356,0.0,0.0,0,0,0
1988,6,86.9,61.93333333333333,74.41666666666667,0.007333333333333333,0.0,0.0,0,0,0
1988,7,90.16129032258064,65.93548387096774,78.04838709677419,0.03774193548387097,0.0,0.0,0,0,0
1988,8,84.70967741935483,63.12903225806452,73.91935483870968,0.13838709677419356,0.0,0.0,0,0,0
1988,9,73.03333333333333,51.733333333333334,62.38333333333333,0.093,0.0,0.0,0,0,0
1988,10,54.516129032258064,33.38709677419355,43.95161290322581,0.025806451612903226,0.0064516129032258064,0.0,12,0,3
1988,11,39.7,25.666666666666668,32.68333333333333,0.09533333333333333,0.5266666666666667,0.6666666666666666,21,5,11
1988,12,29.612903225806452,11.419354838709678,20.516129032258064,0.021612903225806453,0.23225806451612901,1.096774193548387,31,14,26
1989,1,30.677419354838708,11.64516129032258,21.161290322580644,0.016774193548387096,0.1935483870967742,3.032258064516129,31,14,27
1989,2,18.071428571428573,-0.9642857142857143,8.553571428571429,0.037142857142857144,0.6178571428571429,5.321428571428571,28,23,28
1989,3,33.96774193548387,19.161290322580644,26.56451612903226,0.07064516129032258,0.732258064516129,5.741935483870968,22,13,18
1989,4,55.733333333333334,34.8,45.266666666666666,0.08866666666666667,0.02666666666666667,0.03333333333333333,15,0,3
1989,5,68.90322580645162,46.096774193548384,57.5,0.10903225806451612,0.0032258064516129032,0.0,3,0,0
1989,6,79.4,57.3,68.35,0.11666666666666667,0.0,0.0,0,0,0
1989,7,86.51612903225806,66.25806451612904,76.38709677419355,0.11290322580645161,0.0,0.0,0,0,0
1989,8,80.54838709677419,60.96774193548387,70.75806451612904,0.09419354838709677,0.0,0.0,0,0,0
1989,9,72.23333333333333,49.53333333333333,60.88333333333333,0.042666666666666665,0.0,0.0,0,0,0
1989,10,62.03225806451613,37.70967741935484,49.87096774193548,0.017096774193548388,0.0,0.0,10,0,0
1989,11,36.833333333333336,19.1,27.966666666666665,0.046000000000000006,0.37666666666666665,0.9,26,8,17
1989,12,18.516129032258064,2.6451612903225805,10.580645161290322,0.013548387096774193,0.22580645161290322,1.064516129032258,31,22,30
1990,1,35.354838709677416,17.129032258064516,26.241935483870968,0.003225806451612903,0.035483870967741936,0.6129032258064516,31,8,27
1990,2,33.607142857142854,13.75,23.678571428571427,0.0275,0.3821428571428571,1.3571428571428572,28,12,22
1990,3,44.74193548387097,26.64516129032258,35.693548387096776,0.11806451612903227,0.1032258064516129,0.03225806451612903,20,3,11
1990,4,57.9,35.6,46.75,0.12666666666666665,0.07333333333333333,0.0,16,0,3
1990,5,66.64516129032258,45.935483870967744,56.29032258064516,0.10838709677419356,0.0,0.0,1,0,0
1990,6,79.56666666666666,59.36666666666667,69.46666666666667,0.32733333333333337,0.0,0.0,0,0,0
1990,7,80.83870967741936,61.74193548387097,71.29032258064517,0.1632258064516129,0.0,0.0,0,0,0
1990,8,80.0,61.193548387096776,70.59677419354838,0.055161290322580644,0.0,0.0,0,0,0
1990,9,74.83333333333333,53.9,64.36666666666666,0.06266666666666666,0.0,0.0,0,0,0
1990,10,59.70967741935484,36.483870967741936,48.096774193548384,0.03967741935483871,0.0,0.0,8,0,0
1990,11,46.93333333333333,27.9,37.416666666666664,0.021666666666666667,0.16666666666666666,0.23333333333333334,22,2,10
1990,12,25.903225806451612,7.903225806451613,16.903225806451612,0.03258064516129032,0.37741935483870964,2.967741935483871,31,17,26
1991,1,20.967741935483872,3.935483870967742,12.451612903225806,0.015806451612903224,0.20967741935483872,5.935483870967742,31,26,31
1991,2,34.535714285714285,14.25,24.392857142857142,0.03678571428571429,0.5071428571428571,2.2857142857142856,26,10,20
1991,3,43.29032258064516,25.29032258064516,34.29032258064516,0.07387096774193548,0.14193548387096774,0.7741935483870968,22,3,10
1991,4,59.766666666666666,38.36666666666667,49.06666666666667,0.11933333333333333,0.05,0.0,6,0,0
1991,5,70.09677419354838,53.74193548387097,61.91935483870968,0.20483870967741938,0.00967741935483871,0.0,0,0,0
1991,6,82.86666666666666,62.766666666666666,72.81666666666666,0.08566666666666668,0.0,0.0,0,0,0
1991,7,81.06451612903226,63.41935483870968,72.24193548387096,0.09516129032258065,0.0,0.0,0,0,0
1991,8,80.87096774193549,61.32258064516129,71.09677419354838,0.10129032258064516,0.0,0.0,0,0,0
1991,9,68.3,49.56666666666667,58.93333333333333,0.181,0.0,0.0,2,0,0
1991,10,57.38709677419355,36.87096774193548,47.12903225806452,0.08129032258064516,0.264516129032258,0.0,8,0,2
1991,11,31.333333333333332,17.7,24.516666666666666,0.17633333333333334,1.5633333333333332,10.0,27,14,20
1991,12,29.419354838709676,12.870967741935484,21.14516129032258,0.03387096774193549,0.2161290322580645,12.35483870967742,31,13,30
1992,1,29.35483870967742,14.35483870967742,21.85483870967742,0.02129032258064516,0.16129032258064516,8.0,29,12,22
1992,2,33.89655172413793,22.06896551724138,27.982758620689655,0.019655172413793106,0.20344827586206898,5.448275862068965,27,8,16
1992,3,40.96774193548387,25.193548387096776,33.08064516129032,0.05032258064516129,0.34838709677419355,1.0,23,5,12
1992,4,52.2,35.03333333333333,43.61666666666667,0.06633333333333333,0.02,0.03333333333333333,8,0,1
1992,5,72.3225806451613,48.645161290322584,60.483870967741936,0.037096774193548385,0.0,0.0,0,0,0
1992,6,76.3,54.833333333333336,65.56666666666666,0.12266666666666666,0.0,0.0,0,0,0
1992,7,74.74193548387096,56.774193548387096,65.75806451612904,0.16806451612903225,0.0,0.0,0,0,0
1992,8,75.74193548387096,56.12903225806452,65.93548387096774,0.1464516129032258,0.0,0.0,0,0,0
1992,9,69.83333333333333,49.3,59.56666666666667,0.17333333333333334,0.0,0.0,0,0,0
1992,10,57.03225806451613,37.74193548387097,47.38709677419355,0.06806451612903225,0.041935483870967745,0.0,10,0,1
1992,11,35.9,26.766666666666666,31.333333333333332,0.065,0.4066666666666666,1.3666666666666667,22,6,16
1992,12,28.548387096774192,13.806451612903226,21.177419354838708,0.03387096774193549,0.2967741935483871,1.2903225806451613,29,20,27
1993,1,23.580645161290324,5.548387096774194,14.564516129032258,0.04032258064516129,0.3870967741935484,7.67741935483871,30,23,30
1993,2,24.392857142857142,9.928571428571429,17.160714285714285,0.013928571428571429,0.18928571428571428,6.285714285714286,28,21,27
1993,3,38.58064516129032,20.322580645161292,29.451612903225808,0.04032258064516129,0.22258064516129034,2.096774193548387,27,6,15
1993,4,54.53333333333333,33.93333333333333,44.233333333333334,0.06633333333333333,0.016666666666666666,0.03333333333333333,8,0,2
1993,5,66.3225806451613,48.12903225806452,57.225806451612904,0.1296774193548387,0.0,0.0,0,0,0
1993,6,73.56666666666666,55.43333333333333,64.5,0.20933333333333334,0.0,0.0,0,0,0
1993,7,78.09677419354838,62.516129032258064,70.30645161290323,0.18,0.0,0.0,0,0,0
1993,8,79.64516129032258,61.193548387096776,70.41935483870968,0.20967741935483872,0.0,0.0,0,0,0
1993,9,64.26666666666667,45.63333333333333,54.95,0.068,0.0,0.0,0,0,0
1993,10,56.61290322580645,36.32258064516129,46.46774193548387,0.025483870967741937,0.0,0.0,11,0,1
1993,11,37.56666666666667,23.6,30.583333333333332,0.052333333333333336,0.25666666666666665,0.8333333333333334,25,7,13
1993,12,28.774193548387096,15.483870967741936,22.129032258064516,0.017741935483870968,0.14516129032258066,1.4516129032258065,27,14,21
1994,1,12.96774193548387,-4.32258064516129,4.32258064516129,0.03774193548387097,0.7838709677419355,6.935483870967742,31,28,31
1994,2,22.607142857142858,3.8214285714285716,13.214285714285714,0.027857142857142858,0.42857142857142855,7.535714285714286,28,21,26
1994,3,43.935483870967744,25.387096774193548,34.66129032258065,0.01032258064516129,0.054838709677419356,0.3225806451612903,26,1,10
1994,4,56.5,35.266666666666666,45.88333333333333,0.12566666666666668,0.18333333333333332,0.06666666666666667,12,0,2
1994,5,73.0,48.41935483870968,60.70967741935484,0.07129032258064516,0.0,0.0,1,0,0
1994,6,80.56666666666666,59.1,69.83333333333333,0.10300000000000001,0.0,0.0,0,0,0
1994,7,80.03225806451613,60.12903225806452,70.08064516129032,0.1329032258064516,0.0,0.0,0,0,0
1994,8,77.38709677419355,57.29032258064516,67.33870967741936,0.0935483870967742,0.0,0.0,0,0,0
1994,9,73.4,55.166666666666664,64.28333333333333,0.158,0.0,0.0,0,0,0
1994,10,59.935483870967744,44.45161290322581,52.193548387096776,0.15,0.0,0.0,2,0,0
1994,11,46.1,29.9,38.0,0.04633333333333333,0.20666666666666664,0.5666666666666667,18,1,7
1994,12,31.806451612903224,17.129032258064516,24.467741935483872,0.017096774193548388,0.20967741935483872,2.967741935483871,31,14,24
1995,1,25.35483870967742,11.516129032258064,18.43548387096774,0.01161290322580645,0.13548387096774195,0.22580645161290322,30,23,29
1995,2,28.285714285714285,10.285714285714286,19.285714285714285,0.008928571428571428,0.075,0.10714285714285714,28,13,26
1995,3,43.74193548387097,26.193548387096776,34.96774193548387,0.06806451612903225,0.33548387096774196,1.1290322580645162,17,7,9
1995,4,51.6,32.833333333333336,42.21666666666667,0.06333333333333334,0.006666666666666667,0.0,7,1,1
1995,5,67.51612903225806,46.225806451612904,56.87096774193548,0.07838709677419355,0.0,0.0,0,0,0
1995,6,81.43333333333334,60.96666666666667,71.2,0.11266666666666666,0.0,0.0,0,0,0
1995,7,83.58064516129032,62.58064516129032,73.08064516129032,0.08774193548387096,0.0,0.0,0,0,0
1995,8,83.74193548387096,65.64516129032258,74.69354838709677,0.14806451612903226,0.0,0.0,0,0,0
1995,9,70.96666666666667,49.333333333333336,60.15,0.07366666666666667,0.0,0.0,0,0,0
1995,10,56.61290322580645,40.58064516129032,48.596774193548384,0.11870967741935484,0.02258064516129032,0.0,2,0,0
1995,11,34.3,20.4,27.35,0.029333333333333333,0.22,0.6,28,9,23
1995,12,26.225806451612904,11.96774193548387,19.096774193548388,0.037096774193548385,0.5193548387096775,4.709677419354839,31,20,30
1996,1,19.580645161290324,0.7419354838709677,10.161290322580646,0.060322580645161286,0.46774193548387094,8.32258064516129,31,24,30
1996,2,26.06896551724138,9.793103448275861,17.93103448275862,0.008275862068965517,0.04137931034482759,6.0344827586206895,28,15,23
1996,3,34.516129032258064,16.032258064516128,25.274193548387096,0.044838709677419354,0.45483870967741935,1.6774193548387097,28,11,21
1996,4,52.53333333333333,30.233333333333334,41.38333333333333,0.025333333333333333,0.07666666666666666,0.06666666666666667,16,0,0
1996,5,64.48387096774194,46.74193548387097,55.61290322580645,0.07645161290322582,0.0,0.0,0,0,0
1996,6,78.03333333333333,56.8,67.41666666666667,0.15866666666666665,0.0,0.0,0,0,0
1996,7,80.74193548387096,59.29032258064516,70.01612903225806,0.06741935483870967,0.0,0.0,0,0,0
1996,8,81.80645161290323,59.096774193548384,70.45161290322581,0.04612903225806452,0.0,0.0,0,0,0
1996,9,71.96666666666667,52.333333333333336,62.15,0.043333333333333335,0.0,0.0,0,0,0
1996,10,59.354838709677416,38.193548387096776,48.774193548387096,0.0970967741935484,0.0,0.0,7,0,1
1996,11,32.86666666666667,17.833333333333332,25.35,0.16933333333333334,0.56,2.7666666666666666,27,17,22
1996,12,21.322580645161292,6.064516129032258,13.693548387096774,0.056451612903225805,0.7645161290322581,11.03225806451613,31,27,30
1997,1,18.774193548387096,1.7419354838709677,10.258064516129032,0.055161290322580644,0.45806451612903226,14.64516129032258,30,24,29
1997,2,27.714285714285715,12.071428571428571,19.892857142857142,0.010714285714285714,0.14285714285714285,9.607142857142858,28,19,26
1997,3,37.903225806451616,20.70967741935484,29.306451612903224,0.03806451612903226,0.4612903225806452,5.043478260869565,28,7,17
1997,4,54.666666666666664,31.266666666666666,42.96666666666667,0.033666666666666664,0.020000000000000004,,16,2,5
1997,5,64.64516129032258,42.096774193548384,53.37096774193548,0.054838709677419356,0.0,0.0,3,0,0
1997,6,81.66666666666667,58.233333333333334,69.95,0.12333333333333332,0.0,0.0,0,0,0
1997,7,79.41935483870968,62.645161290322584,71.03225806451613,0.4064516129032258,0.0,0.0,0,0,0
1997,8,77.70967741935483,59.806451612903224,68.75806451612904,0.1938709677419355,0.0,0.0,0,0,0
1997,9,72.16666666666667,52.6,62.38333333333333,0.10633333333333334,0.0,0.0,0,0,0
1997,10,60.74193548387097,39.61290322580645,50.17741935483871,0.06548387096774193,0.0,0.0,7,0,2
1997,11,34.4,21.7,28.05,0.023000000000000003,0.2866666666666667,1.7666666666666666,25,8,17
1997,12,33.61290322580645,20.193548387096776,26.903225806451612,0.01,0.1064516129032258,0.03225806451612903,29,12,24
1998,1,26.032258064516128,12.064516129032258,19.048387096774192,0.05290322580645161,0.6580645161290322,5.0,31,22,29
1998,2,38.035714285714285,25.821428571428573,31.928571428571427,0.028571428571428574,0.03928571428571429,3.5,18,7,14
1998,3,39.67741935483871,24.129032258064516,31.903225806451612,0.1470967741935484,0.3741935483870968,0.2903225806451613,24,8,16
1998,4,61.6,39.666666666666664,50.63333333333333,0.052000000000000005,0.0,0.0,1,0,0
1998,5,75.64516129032258,51.16129032258065,63.403225806451616,0.14193548387096774,0.0,0.0,0,0,0
1998,6,74.5,55.233333333333334,64.86666666666666,0.21733333333333335,0.0,0.0,0,0,0
1998,7,82.6774193548387,62.354838709677416,72.51612903225806,0.08483870967741935,0.0,0.0,0,0,0
1998,8,80.87096774193549,62.225806451612904,71.54838709677419,0.1932258064516129,0.0,0.0,0,0,0
1998,9,78.3,54.93333333333333,66.61666666666666,0.044,0.0,0.0,0,0,0
1998,10,60.16129032258065,42.064516129032256,51.11290322580645,0.07064516129032258,0.0,0.0,3,0,0
1998,11,45.1,29.2,37.15,0.044,0.0033333333333333335,0.0,20,1,7
1998,12,34.516129032258064,14.612903225806452,24.56451612903226,0.014838709677419354,0.1,0.3225806451612903,28,13,19
1999,1,20.06451612903226,4.580645161290323,12.32258064516129,0.08612903225806451,1.067741935483871,7.032258064516129,31,24,30
1999,2,35.0,20.821428571428573,27.910714285714285,0.014285714285714287,0.15,2.607142857142857,26,7,19
1999,3,44.03225806451613,23.64516129032258,33.83870967741935,0.06,0.5161290322580645,2.096774193548387,26,4,13
1999,4,58.36666666666667,39.63333333333333,49.0,0.11433333333333334,0.0,0.0,1,0,0
1999,5,69.54838709677419,50.67741935483871,60.11290322580645,0.21161290322580648,0.0,0.0,0,0,0
1999,6,76.66666666666667,57.766666666666666,67.21666666666667,0.12266666666666667,0.0,0.0,0,0,0
1999,7,86.54838709677419,65.90322580645162,76.2258064516129,0.14677419354838708,0.0,0.0,0,0,0
1999,8,79.12903225806451,60.96774193548387,70.04838709677419,0.08516129032258064,0.0,0.0,0,0,0
1999,9,71.66666666666667,50.5,61.083333333333336,0.091,0.0,0.0,0,0,0
1999,10,60.29032258064516,38.83870967741935,49.564516129032256,0.029677419354838707,0.0,0.0,3,0,0
1999,11,50.9,32.7,41.8,0.025666666666666667,0.02333333333333333,0.0,15,0,2
1999,12,33.516129032258064,17.677419354838708,25.596774193548388,0.01064516129032258,0.23548387096774193,0.8064516129032258,27,10,21
2000,1,24.387096774193548,7.354838709677419,15.870967741935484,0.02903225806451613,0.5870967741935483,4.903225806451613,31,24,29
2000,2,36.13793103448276,19.551724137931036,27.844827586206897,0.03724137931034483,0.2655172413793104,5.482758620689655,24,12,20
2000,3,50.54838709677419,31.612903225806452,41.08064516129032,0.03612903225806452,0.03225806451612903,0.03225806451612903,16,1,8
2000,4,56.5,36.86666666666667,46.68333333333333,0.03733333333333333,0.043333333333333335,0.0,5,0,0
2000,5,70.3225806451613,51.41935483870968,60.87096774193548,0.14709677419354839,0.0,0.0,0,0,0
2000,6,75.66666666666667,56.46666666666667,66.06666666666666,0.15200000000000002,0.0,0.0,0,0,0
2000,7,80.90322580645162,63.935483870967744,72.41935483870968,0.19677419354838707,0.0,0.0,0,0,0
2000,8,80.96774193548387,63.29032258064516,72.12903225806451,0.10290322580645161,0.0,0.0,0,0,0
2000,9,72.2,50.96666666666667,61.583333333333336,0.07166666666666667,0.0,0.0,1,0,0
2000,10,62.193548387096776,44.25806451612903,53.225806451612904,0.03516129032258065,0.0,0.0,3,0,0
2000,11,36.733333333333334,25.633333333333333,31.183333333333334,0.11266666666666666,0.3266666666666667,0.9666666666666667,23,10,18
2000,12,14.387096774193548,0.8064516129032258,7.596774193548387,0.03967741935483871,0.9741935483870967,6.967741935483871,31,28,31
2001,1,28.032258064516128,12.03225806451613,20.032258064516128,0.03903225806451613,0.3032258064516129,9.612903225806452,29,19,28
2001,2,20.928571428571427,2.7142857142857144,11.821428571428571,0.0475,0.5892857142857143,14.785714285714286,28,26,28
2001,3,35.29032258064516,19.612903225806452,27.451612903225808,0.03516129032258065,0.27741935483870966,13.935483870967742,30,10,23
2001,4,57.733333333333334,39.0,48.36666666666667,0.23333333333333334,0.043333333333333335,0.3333333333333333,7,0,1
2001,5,68.35483870967742,50.935483870967744,59.645161290322584,0.14612903225806453,0.0,0.0,0,0,0
2001,6,78.3,59.9,69.1,0.21166666666666664,0.0,0.0,0,0,0
2001,7,85.58064516129032,66.16129032258064,75.87096774193549,0.06838709677419355,0.0,0.0,0,0,0
2001,8,83.58064516129032,64.6774193548387,74.12903225806451,0.07451612903225807,0.0,0.0,0,0,0
2001,9,69.73333333333333,52.1,60.916666666666664,0.11666666666666667,0.0,0.0,0,0,0
2001,10,57.25806451612903,39.903225806451616,48.58064516129032,0.04129032258064516,0.0032258064516129032,0.0,4,0,0
2001,11,54.86666666666667,37.766666666666666,46.31666666666667,0.09233333333333334,0.31333333333333335,0.9666666666666667,6,0,2
2001,12,34.54838709677419,20.677419354838708,27.612903225806452,0.023870967741935485,0.25806451612903225,1.8709677419354838,28,10,18
2002,1,31.548387096774192,17.70967741935484,24.629032258064516,0.014838709677419355,0.3064516129032258,2.096774193548387,30,16,23
2002,2,36.142857142857146,20.535714285714285,28.339285714285715,0.014642857142857143,0.11071428571428572,0.25,23,8,17
2002,3,32.32258064516129,17.483870967741936,24.903225806451612,0.04451612903225806,0.5064516129032258,1.5806451612903225,28,13,23
2002,4,54.86666666666667,36.5,45.68333333333333,0.105,0.6733333333333333,0.8666666666666667,10,2,5
2002,5,64.19354838709677,44.96774193548387,54.58064516129032,0.09129032258064516,0.0,0.0,1,0,0
2002,6,80.23333333333333,61.93333333333333,71.08333333333333,0.27666666666666667,0.0,0.0,0,0,0
2002,7,85.41935483870968,68.58064516129032,77.0,0.16741935483870968,0.0,0.0,0,0,0
2002,8,79.29032258064517,62.516129032258064,70.90322580645162,0.267741935483871,0.0,0.0,0,0,0
2002,9,74.6,56.333333333333336,65.46666666666667,0.13,0.0,0.0,0,0,0
2002,10,48.645161290322584,34.96774193548387,41.806451612903224,0.13483870967741934,0.019354838709677424,0.0,10,0,2
2002,11,40.43333333333333,25.533333333333335,32.983333333333334,0.003,0.04666666666666667,0.0,23,6,11
2002,12,33.61290322580645,18.774193548387096,26.193548387096776,0.007096774193548388,0.0967741935483871,0.1935483870967742,30,13,22
2003,1,23.032258064516128,7.645161290322581,15.338709677419354,0.0070967741935483875,0.16451612903225807,0.41935483870967744,31,24,29
2003,2,24.821428571428573,6.571428571428571,15.696428571428571,0.019285714285714288,0.3821428571428571,4.142857142857143,28,19,25
2003,3,40.45161290322581,22.096774193548388,31.274193548387096,0.0464516129032258,0.4258064516129032,1.3870967741935485,18,10,13
2003,4,57.8,38.833333333333336,48.31666666666667,0.08,0.03333333333333333,0.03333333333333333,7,1,3
2003,5,67.25806451612904,48.096774193548384,57.67741935483871,0.19806451612903225,0.0,0.0,0,0,0
2003,6,77.76666666666667,58.46666666666667,68.11666666666666,0.15533333333333335,0.0,0.0,0,0,0
2003,7,82.54838709677419,64.93548387096774,73.74193548387096,0.0661290322580645,0.0,0.0,0,0,0
2003,8,85.29032258064517,65.25806451612904,75.2741935483871,0.03612903225806451,0.0,0.0,0,0,0
2003,9,72.46666666666667,52.53333333333333,62.5,0.07333333333333333,0.0,0.0,0,0,0
2003,10,60.29032258064516,41.806451612903224,51.04838709677419,0.02,0.0,0.0,3,0,0
2003,11,38.53333333333333,25.6,32.06666666666667,0.023666666666666666,0.31333333333333335,0.9666666666666667,20,5,14
2003,12,31.032258064516128,18.870967741935484,24.951612903225808,0.02,0.5193548387096775,3.2580645161290325,29,14,23
2004,1,18.483870967741936,3.935483870967742,11.209677419354838,0.007419354838709677,0.34516129032258064,1.096774193548387,31,25,31
2004,2,28.586206896551722,14.586206896551724,21.586206896551722,0.037586206896551726,0.6793103448275862,9.482758620689655,26,17,23
2004,3,44.225806451612904,27.774193548387096,36.0,0.06806451612903225,0.33548387096774196,0.5806451612903226,24,1,10
2004,4,61.7,38.166666666666664,49.93333333333333,0.06866666666666667,0.0,0.0,7,0,0
2004,5,66.0,47.225806451612904,56.61290322580645,0.20612903225806453,0.0,0.0,0,0,0
2004,6,74.53333333333333,56.36666666666667,65.45,0.10200000000000001,0.0,0.0,0,0,0
2004,7,81.12903225806451,63.193548387096776,72.16129032258064,0.10838709677419354,0.0,0.0,0,0,0
2004,8,75.70967741935483,56.935483870967744,66.3225806451613,0.038387096774193545,0.0,0.0,0,0,0
2004,9,77.03333333333333,57.833333333333336,67.43333333333334,0.14033333333333334,0.0,0.0,0,0,0
2004,10,58.03225806451613,42.12903225806452,50.08064516129032,0.07483870967741936,0.0,0.0,1,0,0
2004,11,45.13333333333333,30.3,37.71666666666667,0.030999999999999996,0.016666666666666666,0.03333333333333333,13,1,8
2004,12,30.161290322580644,14.935483870967742,22.548387096774192,0.014193548387096775,0.05806451612903226,0.22580645161290322,29,12,23
2005,1,22.870967741935484,8.290322580645162,15.580645161290322,0.03903225806451613,0.27741935483870966,2.096774193548387,31,25,29
2005,2,33.964285714285715,18.892857142857142,26.428571428571427,0.03428571428571429,0.2857142857142857,1.7857142857142858,25,13,18
2005,3,40.903225806451616,22.70967741935484,31.806451612903224,0.04419354838709678,0.2129032258064516,0.7096774193548387,25,8,16
2005,4,61.666666666666664,42.2,51.93333333333333,0.07666666666666666,0.0,0.0,3,0,0
2005,5,64.70967741935483,48.0,56.354838709677416,0.08967741935483872,0.0,0.0,2,0,0
2005,6,82.53333333333333,64.3,73.41666666666667,0.14133333333333334,0.0,0.0,0,0,0
2005,7,86.61290322580645,66.93548387096774,76.7741935483871,0.09483870967741935,0.0,0.0,0,0,0
2005,8,80.87096774193549,62.45161290322581,71.66129032258064,0.16838709677419353,0.0,0.0,0,0,0
2005,9,75.8,56.833333333333336,66.31666666666666,0.14800000000000002,0.0,0.0,0,0,0
2005,10,61.45161290322581,43.193548387096776,52.32258064516129,0.17580645161290323,0.0,0.0,1,0,0
2005,11,44.46666666666667,28.666666666666668,36.56666666666667,0.051000000000000004,0.17,0.23333333333333334,14,6,8
2005,12,24.741935483870968,14.129032258064516,19.43548387096774,0.03129032258064516,0.46774193548387094,4.290322580645161,29,18,25
2006,1,34.41935483870968,22.70967741935484,28.56451612903226,0.022903225806451617,0.07419354838709677,1.1935483870967742,29,8,21
2006,2,28.571428571428573,11.392857142857142,19.982142857142858,0.011428571428571429,0.075,0.25,28,17,27
2006,3,40.935483870967744,26.225806451612904,33.58064516129032,0.06483870967741936,0.6580645161290323,3.2580645161290325,22,3,12
2006,4,63.36666666666667,43.733333333333334,53.55,0.199,0.0,0.0,2,0,0
2006,5,71.16129032258064,52.61290322580645,61.88709677419355,0.053548387096774196,0.0,0.0,0,0,0
2006,6,80.9,61.0,70.95,0.09366666666666666,0.0,0.0,0,0,0
2006,7,89.80645161290323,69.45161290322581,79.62903225806451,0.04161290322580645,0.0,0.0,0,0,0
2006,8,80.61290322580645,63.58064516129032,72.09677419354838,0.2225806451612903,0.0,0.0,0,0,0
2006,9,67.9,51.36666666666667,59.63333333333333,0.08133333333333333,0.0,0.0,0,0,0
2006,10,55.03225806451613,36.83870967741935,45.935483870967744,0.013225806451612903,0.0,0.0,10,0,1
2006,11,45.2,28.366666666666667,36.78333333333333,0.03066666666666667,0.006666666666666667,0.0,17,2,10
2006,12,35.774193548387096,22.419354838709676,29.096774193548388,0.06870967741935484,0.13870967741935486,0.03225806451612903,24,7,14
2007,1,26.612903225806452,12.67741935483871,19.64516129032258,0.01,0.1774193548387097,1.935483870967742,30,20,27
2007,2,20.535714285714285,6.464285714285714,13.5,0.04892857142857143,0.45,3.142857142857143,28,20,27
2007,3,46.96774193548387,29.774193548387096,38.37096774193548,0.11741935483870966,0.3548387096774194,3.6774193548387095,17,5,9
2007,4,57.53333333333333,36.93333333333333,47.233333333333334,0.037,0.06333333333333332,0.06666666666666667,12,2,7
2007,5,75.09677419354838,53.16129032258065,64.12903225806451,0.06419354838709677,0.0,0.0,0,0,0
2007,6,82.7,62.7,72.7,0.06833333333333334,0.0,0.0,0,0,0
2007,7,85.70967741935483,66.2258064516129,75.96774193548387,0.10612903225806451,0.0,0.0,0,0,0
2007,8,80.16129032258064,63.96774193548387,72.06451612903226,0.3006451612903226,0.0,0.0,0,0,0
2007,9,74.66666666666667,54.93333333333333,64.8,0.20133333333333334,0.0,0.0,0,0,0
2007,10,62.12903225806452,46.483870967741936,54.306451612903224,0.1170967741935484,0.0,0.0,1,0,0
2007,11,42.0,27.033333333333335,34.516666666666666,0.003,0.013333333333333334,0.0,19,5,7
2007,12,23.419354838709676,9.709677419354838,16.56451612903226,0.04774193548387097,0.5838709677419355,5.903225806451613,31,27,30
2008,1,21.225806451612904,5.193548387096774,13.209677419354838,0.004838709677419355,0.06451612903225806,5.161290322580645,30,23,27
2008,2,23.137931034482758,7.275862068965517,15.206896551724139,0.013793103448275864,0.16551724137931034,3.6206896551724137,29,21,29
2008,3,36.225806451612904,20.387096774193548,28.306451612903224,0.0635483870967742,0.5806451612903226,1.6451612903225807,28,8,16
2008,4,52.93333333333333,35.13333333333333,44.03333333333333,0.10400000000000001,0.05333333333333334,0.3333333333333333,11,0,0
2008,5,66.64516129032258,46.03225806451613,56.33870967741935,0.08161290322580644,0.0,0.0,0,0,0
2008,6,77.93333333333334,59.53333333333333,68.73333333333333,0.09000000000000001,0.0,0.0,0,0,0
2008,7,85.35483870967742,65.6774193548387,75.51612903225806,0.06870967741935484,0.0,0.0,0,0,0
2008,8,82.80645161290323,62.064516129032256,72.43548387096774,0.10806451612903226,0.0,0.0,0,0,0
2008,9,72.8,54.333333333333336,63.56666666666667,0.059333333333333335,0.0,0.0,0,0,0
2008,10,59.61290322580645,41.16129032258065,50.38709677419355,0.0632258064516129,0.0,0.0,4,0,0
2008,11,41.46666666666667,27.833333333333332,34.65,0.038,0.14333333333333334,0.1,21,5,16
2008,12,23.032258064516128,3.967741935483871,13.5,0.037096774193548385,0.5612903225806452,3.935483870967742,31,25,29
2009,1,16.838709677419356,-0.16129032258064516,8.338709677419354,0.01838709677419355,0.2709677419354839,5.161290322580645,31,30,30
2009,2,29.107142857142858,12.428571428571429,20.767857142857142,0.03321428571428572,0.3892857142857143,2.107142857142857,26,14,25
2009,3,41.12903225806452,23.258064516129032,32.193548387096776,0.04838709677419355,0.04838709677419355,0.9032258064516129,22,6,15
2009,4,57.4,37.833333333333336,47.61666666666667,0.052333333333333336,0.08333333333333333,0.1,8,0,0
2009,5,71.64516129032258,49.96774193548387,60.806451612903224,0.017096774193548388,0.0,0.0,0,0,0
2009,6,76.66666666666667,58.666666666666664,67.66666666666667,0.09533333333333333,0.0,0.0,0,0,0
2009,7,79.45161290322581,60.54838709677419,70.0,0.06999999999999999,0.0,0.0,0,0,0
2009,8,78.0,60.87096774193548,69.43548387096774,0.20741935483870966,0.0,0.0,0,0,0
2009,9,76.03333333333333,57.03333333333333,66.53333333333333,0.015333333333333334,0.0,0.0,0,0,0
2009,10,49.096774193548384,37.25806451612903,43.17741935483871,0.17967741935483872,0.09032258064516129,0.03225806451612903,6,0,0
2009,11,51.03333333333333,34.36666666666667,42.7,0.012666666666666666,0.0,0.0,13,0,1
2009,12,23.161290322580644,11.387096774193548,17.274193548387096,0.05903225806451613,0.6741935483870969,5.225806451612903,31,27,30
2010,1,20.032258064516128,6.064516129032258,13.048387096774194,0.014516129032258065,0.1,8.935483870967742,29,24,29
2010,2,28.071428571428573,11.285714285714286,19.678571428571427,0.026785714285714284,0.49642857142857144,13.071428571428571,28,19,28
2010,3,50.03225806451613,31.967741935483872,41.0,0.022258064516129033,0.0,2.4516129032258065,13,0,5
2010,4,65.53333333333333,44.333333333333336,54.93333333333333,0.07733333333333334,0.0,0.0,0,0,0
2010,5,70.48387096774194,50.903225806451616,60.693548387096776,0.08064516129032258,0.0,0.0,0,0,0
2010,6,77.5,61.0,69.25,0.20833333333333334,0.0,0.0,0,0,0
2010,7,85.41935483870968,67.12903225806451,76.2741935483871,0.09774193548387097,0.0,0.0,0,0,0
2010,8,86.19354838709677,67.83870967741936,77.01612903225806,0.15838709677419355,0.0,0.0,0,0,0
2010,9,68.86666666666666,51.6,60.233333333333334,0.184,0.0,0.0,0,0,0
2010,10,64.06451612903226,43.96774193548387,54.016129032258064,0.05193548387096775,0.0,0.0,3,0,0
2010,11,42.46666666666667,28.066666666666666,35.266666666666666,0.06899999999999999,0.3266666666666667,0.6666666666666666,18,7,11
2010,12,22.419354838709676,10.387096774193548,16.403225806451612,0.08999999999999998,1.0838709677419356,12.03225806451613,31,26,31
2011,1,18.29032258064516,5.774193548387097,12.03225806451613,0.03225806451612903,0.5483870967741935,11.0,62,60,62
2011,2,26.964285714285715,10.5,18.732142857142858,0.04,0.5750000000000001,9.964285714285714,52,38,46
2011,3,37.41935483870968,21.451612903225808,29.43548387096774,0.0664516129032258,0.264516129032258,5.129032258064516,52,16,38
2011,4,55.13333333333333,37.266666666666666,46.2,0.09333333333333332,0.06333333333333334,0.06666666666666667,4,0,0
2011,5,67.19354838709677,49.645161290322584,58.41935483870968,0.13032258064516128,0.0,0.0,0,0,0
2011,6,78.73333333333333,60.333333333333336,69.53333333333333,0.17600000000000002,0.0,0.0,0,0,0
2011,7,87.87096774193549,69.70967741935483,78.79032258064517,0.16870967741935486,0.0,0.0,0,0,0
2011,8,82.38709677419355,64.7741935483871,73.58064516129032,0.09774193548387096,0.0,0.0,0,0,0
2011,9,72.53333333333333,53.266666666666666,62.9,0.012,0.0,0.0,0,0,0
2011,10,64.90322580645162,45.774193548387096,55.33870967741935,0.022580645161290325,0.0,0.0,2,0,0
2011,11,46.96666666666667,31.5,39.233333333333334,0.01,0.1,0.2,30,2,10
2011,12,34.41935483870968,21.161290322580644,27.79032258064516,0.03193548387096774,0.23548387096774193,0.6774193548387096,56,20,42
2012,1,30.774193548387096,15.806451612903226,23.29032258064516,0.01161290322580645,0.14838709677419354,0.6774193548387096,29,15,25
2012,2,34.827586206896555,20.586206896551722,27.70689655172414,0.05896551724137931,0.21034482758620687,0.3793103448275862,29,7,20
2012,3,57.54838709677419,39.12903225806452,48.33870967741935,0.04516129032258064,0.041935483870967745,0.3870967741935484,9,2,6
2012,4,59.56666666666667,40.5,50.03333333333333,0.10133333333333333,0.0,0.0,3,0,0
2012,5,73.54838709677419,53.806451612903224,63.67741935483871,0.30129032258064514,0.0,0.0,0,0,0
2012,6,82.33333333333333,62.266666666666666,72.3,0.11966666666666666,0.0,0.0,0,0,0
2012,7,89.90322580645162,70.41935483870968,80.16129032258064,0.15806451612903227,0.0,0.0,0,0,0
2012,8,82.09677419354838,61.83870967741935,71.96774193548387,0.04451612903225806,0.0,0.0,0,0,0
2012,9,76.2,51.56666666666667,63.88333333333333,0.01,0.0,0.0,0,0,0
2012,10,56.354838709677416,38.645161290322584,47.5,0.041935483870967745,0.0,0.0,7,0,0
2012,11,45.63333333333333,28.6,37.11666666666667,0.021,0.02666666666666667,0.03333333333333333,17,5,9
2012,12,30.580645161290324,16.161290322580644,23.370967741935484,0.05290322580645161,0.4838709677419355,2.193548387096774,28,16,24
2013,1,25.0,8.838709677419354,16.919354838709676,0.027741935483870966,0.14838709677419354,1.2580645161290323,30,19,30
2013,2,26.178571428571427,11.821428571428571,19.0,0.0475,0.5392857142857144,5.821428571428571,28,17,27
2013,3,34.645161290322584,19.806451612903224,27.225806451612904,0.06580645161290323,0.44516129032258067,6.32258064516129,28,13,22
2013,4,48.6,33.333333333333336,40.96666666666667,0.174,0.5966666666666668,1.1333333333333333,14,0,3
2013,5,67.64516129032258,49.0,58.32258064516129,0.20129032258064516,0.016129032258064516,0.0,0,0,0
2013,6,77.06666666666666,60.7,68.88333333333334,0.17233333333333334,0.0,0.0,0,0,0
2013,7,84.0,65.90322580645162,74.95161290322581,0.11322580645161291,0.0,0.0,0,0,0
2013,8,84.16129032258064,65.25806451612904,74.70967741935483,0.0667741935483871,0.0,0.0,0,0,0
2013,9,77.1,57.233333333333334,67.16666666666667,0.045000000000000005,0.0,0.0,0,0,0
2013,10,57.096774193548384,41.193548387096776,49.145161290322584,0.0967741935483871,0.0,0.0,5,0,0
2013,11,41.13333333333333,25.3,33.21666666666667,0.017333333333333333,0.03666666666666667,0.0,19,6,10
2013,12,19.93548387096774,4.903225806451613,12.419354838709678,0.04709677419354839,0.5129032258064516,4.709677419354839,30,23,28
2014,1,18.419354838709676,-2.5161290322580645,7.951612903225806,0.045806451612903226,0.732258064516129,9.193548387096774,31,23,31
2014,2,17.5,-0.21428571428571427,8.642857142857142,0.05035714285714286,0.6571428571428573,16.142857142857142,28,25,28
2014,3,33.935483870967744,17.129032258064516,25.532258064516128,0.026451612903225806,0.15161290322580642,8.419354838709678,29,14,19
2014,4,51.43333333333333,34.0,42.71666666666667,0.20900000000000002,0.23333333333333334,0.3333333333333333,10,0,3
2014,5,67.83870967741936,49.32258064516129,58.58064516129032,0.14677419354838708,0.0,0.0,0,0,0
2014,6,77.96666666666667,61.0,69.48333333333333,0.37866666666666665,0.0,0.0,0,0,0
2014,7,80.58064516129032,62.483870967741936,71.53225806451613,0.0732258064516129,0.0,0.0,0,0,0
2014,8,81.80645161290323,64.83870967741936,73.3225806451613,0.0935483870967742,0.0,0.0,0,0,0
2014,9,72.16666666666667,53.233333333333334,62.7,0.03066666666666667,0.0,0.0,0,0,0
2014,10,58.354838709677416,39.96774193548387,49.16129032258065,0.056451612903225805,0.0,0.0,3,0,0
2014,11,32.36666666666667,18.5,25.433333333333334,0.029000000000000005,0.31333333333333335,1.7666666666666666,23,16,19
2014,12,29.64516129032258,18.903225806451612,24.274193548387096,0.027741935483870966,0.18064516129032257,1.3225806451612903,26,14,22
2015,1,25.741935483870968,12.258064516129032,19.0,0.01096774193548387,0.17419354838709677,2.4838709677419355,31,19,25
2015,2,19.464285714285715,2.857142857142857,11.160714285714286,0.0125,0.17500000000000002,0.7857142857142857,28,24,28
2015,3,45.32258064516129,25.64516129032258,35.483870967741936,0.021612903225806453,0.21935483870967742,0.41935483870967744,19,5,11
2015,4,59.86666666666667,39.56666666666667,49.71666666666667,0.08066666666666666,0.010000000000000002,0.0,2,0,0
2015,5,68.54838709677419,49.903225806451616,59.225806451612904,0.11451612903225807,0.0,0.0,0,0,0
2015,6,78.66666666666667,60.733333333333334,69.7,0.14666666666666664,0.0,0.0,0,0,0
2015,7,82.41935483870968,64.29032258064517,73.35483870967742,0.23612903225806453,0.0,0.0,0,0,0
2015,8,79.25806451612904,62.16129032258065,70.70967741935483,0.09645161290322582,0.0,0.0,0,0,0
2015,9,76.4,59.333333333333336,67.86666666666666,0.155,0.0,0.0,0,0,0
2015,10,61.03225806451613,43.096774193548384,52.064516129032256,0.08419354838709676,0.0,0.0,1,0,0
2015,11,49.03333333333333,33.666666666666664,41.35,0.15066666666666664,0.16999999999999998,0.2,12,4,7
2015,12,35.12903225806452,25.225806451612904,30.177419354838708,0.07483870967741935,0.3064516129032258,1.096774193548387,24,10,15
2016,1,24.096774193548388,11.03225806451613,17.56451612903226,0.01,0.132258064516129,4.451612903225806,31,22,28
2016,2,31.79310344827586,18.06896551724138,24.93103448275862,0.037586206896551726,0.4172413793103449,2.0344827586206895,26,12,21
2016,3,49.354838709677416,33.16129032258065,41.25806451612903,0.07290322580645162,0.17419354838709677,0.12903225806451613,16,1,3
2016,4,56.9,39.2,48.05,0.09466666666666668,0.016666666666666666,0.0,8,0,3
2016,5,71.16129032258064,51.483870967741936,61.32258064516129,0.07806451612903226,0.0,0.0,0,0,0
2016,6,80.53333333333333,62.06666666666667,71.3,0.14966666666666667,0.0,0.0,0,0,0
2016,7,83.96774193548387,66.35483870967742,75.16129032258064,0.16419354838709677,0.0,0.0,0,0,0
2016,8,81.90322580645162,64.80645161290323,73.35483870967742,0.25225806451612903,0.0,0.0,0,0,0
2016,9,74.0,58.2,66.1,0.18233333333333332,0.0,0.0,0,0,0
2016,10,61.16129032258065,44.67741935483871,52.91935483870968,0.11,0.0,0.0,0,0,0
2016,11,51.96666666666667,36.233333333333334,44.1,0.09933333333333333,0.07666666666666666,0.13333333333333333,6,1,3
2016,12,26.967741935483872,14.838709677419354,20.903225806451612,0.06903225806451613,0.5096774193548387,3.161290322580645,27,15,24
2017,1,27.096774193548388,14.774193548387096,20.93548387096774,0.03161290322580645,0.2709677419354839,1.4193548387096775,26,15,22
2017,2,40.17857142857143,22.25,31.214285714285715,0.022857142857142857,0.010714285714285714,0.0,21,6,13
2017,3,42.096774193548384,25.903225806451612,34.0,0.021935483870967745,0.15161290322580645,0.3548387096774194,20,8,13
2017,4,59.3,41.63333333333333,50.46666666666667,0.14833333333333334,0.016666666666666666,0.03333333333333333,0,0,0
2017,5,67.70967741935483,49.32258064516129,58.516129032258064,0.15483870967741936,0.0,0.0,0,0,0
2017,6,81.33333333333333,61.36666666666667,71.35,0.14100000000000001,0.0,0.0,0,0,0
2017,7,84.80645161290323,65.83870967741936,75.3225806451613,0.10064516129032258,0.0,0.0,0,0,0
2017,8,77.03225806451613,60.38709677419355,68.70967741935483,0.21774193548387097,0.0,0.0,0,0,0
2017,9,76.96666666666667,57.53333333333333,67.25,0.034666666666666665,0.0,0.0,0,0,0
2017,10,59.54838709677419,43.12903225806452,51.33870967741935,0.14483870967741935,0.0032258064516129032,0.0,4,0,2
2017,11,42.13333333333333,26.066666666666666,34.1,0.013000000000000001,0.02,0.0,23,2,11
2017,12,25.225806451612904,12.548387096774194,18.887096774193548,0.025483870967741937,0.2064516129032258,1.5806451612903225,31,23,26
2018,1,24.838709677419356,8.35483870967742,16.596774193548388,0.049999999999999996,0.6580645161290323,3.4516129032258065,29,18,25
2018,2,25.071428571428573,6.75,15.910714285714286,0.0475,0.5678571428571428,5.0,28,20,25
2018,3,40.29032258064516,24.580645161290324,32.435483870967744,0.03838709677419355,0.2838709677419355,2.161290322580645,26,2,11
2018,4,47.4,27.733333333333334,37.56666666666667,0.07366666666666667,0.87,2.566666666666667,19,6,12
2018,5,78.35483870967742,57.25806451612903,67.80645161290323,0.09645161290322582,0.0,0.0,0,0,0
2018,6,80.86666666666666,64.5,72.68333333333334,0.126,0.0,0.0,0,0,0
2018,7,84.16129032258064,65.80645161290323,74.98387096774194,0.14322580645161292,0.0,0.0,0,0,0
2018,8,82.90322580645162,64.96774193548387,73.93548387096774,0.09129032258064516,0.0,0.0,0,0,0
2018,9,73.3,56.96666666666667,65.13333333333334,0.229,0.0,0.0,0,0,0
2018,10,53.29032258064516,38.25806451612903,45.774193548387096,0.10967741935483873,0.00967741935483871,0.0,5,0,0
2018,11,34.1,22.333333333333332,28.216666666666665,0.04833333333333333,0.13333333333333333,0.3,24,14,20
2018,12,31.64516129032258,20.0,25.822580645161292,0.04935483870967742,0.21612903225806449,2.225806451612903,29,15,26
2019,1,21.774193548387096,6.806451612903226,14.290322580645162,0.014516129032258065,0.21935483870967742,0.8064516129032258,30,21,28
2019,2,21.178571428571427,4.5,12.839285714285714,0.09178571428571428,1.3928571428571428,10.642857142857142,27,24,27
2019,3,37.193548387096776,19.838709677419356,28.516129032258064,0.06451612903225806,0.3387096774193548,8.161290322580646,26,7,15
2019,4,55.2,37.13333333333333,46.166666666666664,0.13033333333333333,0.3266666666666666,0.43333333333333335,9,0,1
2019,5,65.38709677419355,45.87096774193548,55.62903225806452,0.21548387096774194,0.0,0.0,0,0,0
2019,6,79.23333333333333,60.333333333333336,69.78333333333333,0.09066666666666666,0.0,0.0,0,0,0
2019,7,83.7741935483871,66.93548387096774,75.35483870967742,0.20903225806451614,0.0,0.0,0,0,0
2019,8,79.41935483870968,62.58064516129032,71.0,0.20258064516129032,0.0,0.0,0,0,0
2019,9,74.73333333333333,58.666666666666664,66.7,0.13066666666666665,0.0,0.0,0,0,0
2019,10,53.16129032258065,39.03225806451613,46.096774193548384,0.13064516129032258,0.0,0.0,5,0,2
2019,11,36.3,25.366666666666667,30.833333333333332,0.07600000000000001,0.4766666666666667,0.8666666666666667,23,7,13
2019,12,30.35483870967742,15.96774193548387,23.161290322580644,0.05903225806451613,0.3645161290322581,5.967741935483871,29,13,26
2020,1,27.29032258064516,13.838709677419354,20.56451612903226,0.03129032258064516,0.31612903225806455,5.580645161290323,31,18,30
2020,2,29.82758620689655,12.379310344827585,21.103448275862068,0.020000000000000004,0.25862068965517243,6.758620689655173,29,16,24
2020,3,45.225806451612904,30.129032258064516,37.67741935483871,0.07774193548387097,0.041935483870967745,0.2903225806451613,18,0,5
2020,4,55.4,34.833333333333336,45.11666666666667,0.05999999999999999,0.24333333333333332,0.23333333333333334,12,1,3
2020,5,67.09677419354838,50.25806451612903,58.67741935483871,0.15645161290322582,0.0,0.0,0,0,0
2020,6,82.86666666666666,62.766666666666666,72.81666666666666,0.224,0.0,0.0,0,0,0
2020,7,85.25806451612904,66.7741935483871,76.01612903225806,0.10290322580645161,0.0,0.0,0,0,0
2020,8,82.16129032258064,64.0,73.08064516129032,0.12838709677419355,0.0,0.0,0,0,0
2020,9,70.33333333333333,52.233333333333334,61.28333333333333,0.029333333333333333,0.0,0.0,0,0,0
2020,10,51.0,36.12903225806452,43.564516129032256,0.07741935483870968,0.30000000000000004,0.45161290322580644,12,1,7
2020,11,47.03333333333333,30.2,38.61666666666667,0.043000000000000003,0.29333333333333333,0.8666666666666667,19,2,10
2020,12,32.935483870967744,17.580645161290324,25.258064516129032,0.024516129032258065,0.39999999999999997,2.096774193548387,30,13,21
2021,1,28.161290322580644,16.0,22.080645161290324,0.02806451612903226,0.25161290322580643,7.67741935483871,30,17,28
2021,2,18.714285714285715,4.607142857142857,11.660714285714286,0.018571428571428572,0.21071428571428572,7.178571428571429,28,19,23
2021,3,50.096774193548384,30.967741935483872,40.53225806451613,0.09096774193548386,0.12903225806451613,0.6774193548387096,16,1,2
2021,4,57.13333333333333,38.166666666666664,47.65,0.08333333333333333,0.016666666666666666,0.0,6,0,0
2021,5,69.96774193548387,50.38709677419355,60.17741935483871,0.10580645161290322,0.0,0.0,0,0,0
2021,6,87.4,66.13333333333334,76.76666666666667,0.06866666666666667,0.0,0.0,0,0,0
2021,7,86.06451612903226,65.93548387096774,76.0,0.028064516129032258,0.0,0.0,0,0,0
2021,8,83.06451612903226,65.03225806451613,74.04838709677419,0.22193548387096773,0.0,0.0,0,0,0
2021,9,76.6,56.3,66.45,0.04933333333333333,0.0,0.0,0,0,0
2021,10,63.83870967741935,47.32258064516129,55.58064516129032,0.06064516129032258,0.0,0.0,1,0,0
2021,11,44.7,29.3,37.0,0.028333333333333332,0.04,0.03333333333333333,20,2,7
2021,12,32.516129032258064,16.419354838709676,24.467741935483872,0.06290322580645161,0.6935483870967742,2.5806451612903225,28,17,23
2022,1,20.29032258064516,1.096774193548387,10.693548387096774,0.02064516129032258,0.3387096774193548,5.645161290322581,31,25,30
2022,2,24.607142857142858,4.357142857142857,14.482142857142858,0.027857142857142858,0.3678571428571429,5.392857142857143,28,17,26
2022,3,39.45161290322581,24.129032258064516,31.79032258064516,0.09516129032258065,0.16451612903225804,1.6451612903225807,23,7,14
2022,4,48.63333333333333,33.4,41.016666666666666,0.133,0.05333333333333334,0.03333333333333333,14,0,2
2022,5,70.74193548387096,51.32258064516129,61.03225806451613,0.10741935483870968,0.0,0.0,0,0,0
2022,6,83.06666666666666,63.0,73.03333333333333,0.03766666666666667,0.0,0.0,0,0,0
2022,7,85.3225806451613,67.29032258064517,76.30645161290323,0.03806451612903226,0.0,0.0,0,0,0
2022,8,81.45161290322581,63.54838709677419,72.5,0.13774193548387095,0.0,0.0,0,0,0
2022,9,75.8,56.13333333333333,65.96666666666667,0.008,0.0,0.0,0,0,0
2022,10,62.064516129032256,41.516129032258064,51.79032258064516,0.007741935483870968,0.012903225806451613,0.0,4,0,0
2022,11,42.333333333333336,27.766666666666666,35.05,0.08000000000000002,0.43333333333333335,0.9,21,9,14
2022,12,24.29032258064516,11.612903225806452,17.951612903225808,0.05870967741935484,0.6387096774193549,5.806451612903226,29,18,24
2023,1,26.0,14.387096774193548,20.193548387096776,0.07258064516129033,0.7193548387096774,11.35483870967742,30,20,28
2023,2,30.035714285714285,12.142857142857142,21.089285714285715,0.08499999999999999,0.5535714285714286,8.142857142857142,27,13,24
2023,3,36.54838709677419,21.548387096774192,29.048387096774192,0.08774193548387096,0.5,5.387096774193548,30,7,18
2023,4,54.4,37.2,45.8,0.07966666666666668,0.12666666666666668,0.5333333333333333,9,0,2
2023,5,74.6774193548387,53.67741935483871,64.1774193548387,0.052258064516129035,0.0,0.0,0,0,0
2023,6,85.46666666666667,64.43333333333334,74.95,0.030999999999999993,0.0,0.0,0,0,0
2023,7,85.06451612903226,63.96774193548387,74.51612903225806,0.08290322580645161,0.0,0.0,0,0,0
2023,8,84.03225806451613,65.3225806451613,74.6774193548387,0.07387096774193548,0.0,0.0,0,0,0
2023,9,78.0,60.166666666666664,69.08333333333333,0.19066666666666665,0.0,0.0,0,0,0
2023,10,59.225806451612904,44.58064516129032,51.903225806451616,0.14516129032258066,0.08709677419354839,0.06451612903225806,4,0,3
2023,11,47.2,29.766666666666666,38.483333333333334,0.0013333333333333333,0.016666666666666666,0.0,14,2,7
2023,12,40.41935483870968,28.258064516129032,34.33870967741935,0.07354838709677419,0.06774193548387097,0.06451612903225806,22,5,12
2024,1,27.258064516129032,16.967741935483872,22.112903225806452,0.004193548387096774,0.06451612903225806,0.41935483870967744,28,17,24
2024,2,42.89655172413793,23.79310344827586,33.3448275862069,0.022413793103448272,0.2413793103448276,1.0,26,4,11
2024,3,46.516129032258064,28.29032258064516,37.403225806451616,0.08096774193548387,0.49032258064516127,0.8064516129032258,20,3,11
2024,4,58.03333333333333,40.46666666666667,49.25,0.1396666666666667,0.0,0.0,1,0,0
2024,5,72.6774193548387,52.193548387096776,62.435483870967744,0.18741935483870967,0.0,0.0,0,0,0
2024,6,78.36666666666666,60.53333333333333,69.45,0.24233333333333332,0.0,0.0,0,0,0
2024,7,82.54838709677419,65.70967741935483,74.12903225806451,0.18096774193548387,0.0,0.0,0,0,0
2024,8,80.16129032258064,62.87096774193548,71.51612903225806,0.1732258064516129,0.0,0.0,0,0,0
2024,9,80.8,59.93333333333333,70.36666666666666,0.002,0.0,0.0,0,0,0
2024,10,68.16129032258064,46.70967741935484,57.435483870967744,0.056129032258064517,0.0064516129032258064,0.0,0,0,0
2024,11,50.0,38.666666666666664,44.333333333333336,0.01,0.0,0.0,1,0,0
